{"Greedy Assignment": [43289.00638763831, 40987.953041885245, 40175.68656409584, 41409.30091133751, 30474.398273326384], "Nearest Neighbor Assignment": [68723.55337291979, 102653.44534434876, 79157.91490369757, 68319.60208694934, 43936.66952857099], "Greedy + Random (25%) Assignment": [47944.98668784114, 48697.112667514804, 45611.984485818684, 44851.951602340705, 31909.25532968961], "Greedy + Random (50%) Assignment": [47944.98668784114, 48697.112667514804, 45611.984485818684, 44851.951602340705, 31909.25532968961], "Greedy + Random (75%) Assignment": [47944.98668784114, 48697.112667514804, 45611.984485818684, 44851.951602340705, 31909.25532968961], "Transfers and Swaps Greedy": [43117.90114936774, 40717.48481873983, 41220.87156405152, 41980.76723300823, 29332.809550969272], "Transfers and Swaps Nearest Neighbor": [53387.66139544976, 91767.96219993953, 62256.693955078255, 56638.22496043306, 36718.52871246677]}