{"Greedy Assignment": [29.715842283431073, 20.391936527944544, 22.77946394793755, 30.245790241393138, 29.1038270525011], "Nearest Neighbor Assignment": [47.740894201144265, 49.171184520322186, 44.17393591032817, 49.37889692462457, 41.312222367703704], "Greedy + Random (25%) Assignment": [33.33414355638068, 27.660499992404375, 27.21024450361317, 33.95695091567261, 29.78413857685439], "Greedy + Random (50%) Assignment": [33.33414355638068, 27.660499992404375, 27.21024450361317, 33.95695091567261, 29.78413857685439], "Greedy + Random (75%) Assignment": [33.33414355638068, 27.660499992404375, 27.21024450361317, 33.95695091567261, 29.78413857685439], "Transfers and Swaps Greedy": [29.720479093333893, 20.267455321162508, 24.384460697921874, 31.491874606849123, 27.581692143913756], "Transfers and Swaps Nearest Neighbor": [38.11448800009099, 45.61218132924886, 36.149968093582785, 42.34980096282381, 34.865040314254756]}