{"num_nodes": 16, "edges": [[0, 1, 9.20471041714649], [0, 2, 7.762891264010957], [0, 3, 9.964798468062861], [0, 4, 7.836542425137648], [0, 5, 8.755473265311473], [0, 6, 8.58487012523885], [0, 7, 9.583715592091377], [0, 8, 7.812235000799875], [0, 9, 7.861124983071246], [0, 10, 6.309323692589591], [0, 11, 8.283172862623614], [0, 12, 5.129479952771313], [0, 13, 9.985480897411815], [0, 14, 8.62170606111122], [0, 15, 5.577670781904871], [1, 0, 9.20471041714649], [1, 2, 8.173066498171675], [1, 3, 8.699238983416738], [1, 4, 6.870232567324638], [1, 5, 7.976367634721617], [1, 6, 6.153113136598991], [1, 7, 6.493102503492878], [1, 8, 5.345792724364356], [1, 9, 6.205222239916939], [1, 10, 9.844576777038535], [1, 11, 9.943081827598427], [1, 12, 5.21772908881853], [1, 13, 7.631728131657299], [1, 14, 8.098348808087811], [1, 15, 7.449269489137109], [2, 0, 7.762891264010957], [2, 1, 8.173066498171675], [2, 3, 7.708220981876767], [2, 4, 6.75473550729355], [2, 5, 5.695472927741845], [2, 6, 8.36913191275157], [2, 7, 6.347235081675573], [2, 8, 9.276168876450706], [2, 9, 5.991050656435861], [2, 10, 8.876798977506294], [2, 11, 5.4594969772061805], [2, 12, 7.248903690140369], [2, 13, 7.264006117086982], [2, 14, 7.66138972472023], [2, 15, 6.158969149094976], [3, 0, 9.964798468062861], [3, 1, 8.699238983416738], [3, 2, 7.708220981876767], [3, 4, 5.419617917327987], [3, 5, 9.567890340777177], [3, 6, 6.803350939855689], [3, 7, 6.55753738449698], [3, 8, 9.244749267475358], [3, 9, 5.859117703295639], [3, 10, 8.651887281811138], [3, 11, 9.232084815018966], [3, 12, 5.112473151544795], [3, 13, 9.306399938344843], [3, 14, 5.192988454719981], [3, 15, 9.023993852520917], [4, 0, 7.836542425137648], [4, 1, 6.870232567324638], [4, 2, 6.75473550729355], [4, 3, 5.419617917327987], [4, 5, 8.572936283492258], [4, 6, 8.04743332045691], [4, 7, 5.626271348884599], [4, 8, 5.615389310531223], [4, 9, 8.029866435655087], [4, 10, 8.533257571498831], [4, 11, 6.932275320586024], [4, 12, 5.652563754927818], [4, 13, 8.991296402742945], [4, 14, 8.446429650420786], [4, 15, 9.349666763089761], [5, 0, 8.755473265311473], [5, 1, 7.976367634721617], [5, 2, 5.695472927741845], [5, 3, 9.567890340777177], [5, 4, 8.572936283492258], [5, 6, 8.589100201817274], [5, 7, 8.377411173574156], [5, 8, 7.636180706628583], [5, 9, 8.618859122893797], [5, 10, 5.814963527607471], [5, 11, 8.584075888779957], [5, 12, 8.338508282688752], [5, 13, 9.816539868281012], [5, 14, 6.4485230703458285], [5, 15, 7.287357182821612], [6, 0, 8.58487012523885], [6, 1, 6.153113136598991], [6, 2, 8.36913191275157], [6, 3, 6.803350939855689], [6, 4, 8.04743332045691], [6, 5, 8.589100201817274], [6, 7, 9.145724691598142], [6, 8, 7.937270772112466], [6, 9, 9.021162020168296], [6, 10, 5.778818273343335], [6, 11, 5.3700693190886355], [6, 12, 5.438747294214651], [6, 13, 7.1513322895842615], [6, 14, 7.288774316089308], [6, 15, 7.042596960751745], [7, 0, 9.583715592091377], [7, 1, 6.493102503492878], [7, 2, 6.347235081675573], [7, 3, 6.55753738449698], [7, 4, 5.626271348884599], [7, 5, 8.377411173574156], [7, 6, 9.145724691598142], [7, 8, 5.880359225014756], [7, 9, 9.37274284919333], [7, 10, 9.631728661535517], [7, 11, 5.1768395604903805], [7, 12, 6.109010844763459], [7, 13, 6.657932050837852], [7, 14, 8.926667121589158], [7, 15, 8.600029206872712], [8, 0, 7.812235000799875], [8, 1, 5.345792724364356], [8, 2, 9.276168876450706], [8, 3, 9.244749267475358], [8, 4, 5.615389310531223], [8, 5, 7.636180706628583], [8, 6, 7.937270772112466], [8, 7, 5.880359225014756], [8, 9, 6.3548753099103035], [8, 10, 5.16710317324974], [8, 11, 7.465459140315977], [8, 12, 5.5866340041297216], [8, 13, 9.794002818668432], [8, 14, 9.515185284275919], [8, 15, 9.90909767248781], [9, 0, 7.861124983071246], [9, 1, 6.205222239916939], [9, 2, 5.991050656435861], [9, 3, 5.859117703295639], [9, 4, 8.029866435655087], [9, 5, 8.618859122893797], [9, 6, 9.021162020168296], [9, 7, 9.37274284919333], [9, 8, 6.3548753099103035], [9, 10, 7.986893848116699], [9, 11, 5.385835012878507], [9, 12, 8.792932090916846], [9, 13, 8.47543943785847], [9, 14, 6.374306257276166], [9, 15, 6.704755049869224], [10, 0, 6.309323692589591], [10, 1, 9.844576777038535], [10, 2, 8.876798977506294], [10, 3, 8.651887281811138], [10, 4, 8.533257571498831], [10, 5, 5.814963527607471], [10, 6, 5.778818273343335], [10, 7, 9.631728661535517], [10, 8, 5.16710317324974], [10, 9, 7.986893848116699], [10, 11, 6.431925102751844], [10, 12, 6.189211354471553], [10, 13, 5.264004860896231], [10, 14, 9.167736403172427], [10, 15, 7.417134684240413], [11, 0, 8.283172862623614], [11, 1, 9.943081827598427], [11, 2, 5.4594969772061805], [11, 3, 9.232084815018966], [11, 4, 6.932275320586024], [11, 5, 8.584075888779957], [11, 6, 5.3700693190886355], [11, 7, 5.1768395604903805], [11, 8, 7.465459140315977], [11, 9, 5.385835012878507], [11, 10, 6.431925102751844], [11, 12, 9.175006230609158], [11, 13, 7.888143475887054], [11, 14, 9.849617864705573], [11, 15, 6.419309941922043], [12, 0, 5.129479952771313], [12, 1, 5.21772908881853], [12, 2, 7.248903690140369], [12, 3, 5.112473151544795], [12, 4, 5.652563754927818], [12, 5, 8.338508282688752], [12, 6, 5.438747294214651], [12, 7, 6.109010844763459], [12, 8, 5.5866340041297216], [12, 9, 8.792932090916846], [12, 10, 6.189211354471553], [12, 11, 9.175006230609158], [12, 13, 9.14933327027662], [12, 14, 9.80204201355992], [12, 15, 7.684100148852744], [13, 0, 9.985480897411815], [13, 1, 7.631728131657299], [13, 2, 7.264006117086982], [13, 3, 9.306399938344843], [13, 4, 8.991296402742945], [13, 5, 9.816539868281012], [13, 6, 7.1513322895842615], [13, 7, 6.657932050837852], [13, 8, 9.794002818668432], [13, 9, 8.47543943785847], [13, 10, 5.264004860896231], [13, 11, 7.888143475887054], [13, 12, 9.14933327027662], [13, 14, 6.467255735091977], [13, 15, 7.694442362601716], [14, 0, 8.62170606111122], [14, 1, 8.098348808087811], [14, 2, 7.66138972472023], [14, 3, 5.192988454719981], [14, 4, 8.446429650420786], [14, 5, 6.4485230703458285], [14, 6, 7.288774316089308], [14, 7, 8.926667121589158], [14, 8, 9.515185284275919], [14, 9, 6.374306257276166], [14, 10, 9.167736403172427], [14, 11, 9.849617864705573], [14, 12, 9.80204201355992], [14, 13, 6.467255735091977], [14, 15, 5.88895569150989], [15, 0, 5.577670781904871], [15, 1, 7.449269489137109], [15, 2, 6.158969149094976], [15, 3, 9.023993852520917], [15, 4, 9.349666763089761], [15, 5, 7.287357182821612], [15, 6, 7.042596960751745], [15, 7, 8.600029206872712], [15, 8, 9.90909767248781], [15, 9, 6.704755049869224], [15, 10, 7.417134684240413], [15, 11, 6.419309941922043], [15, 12, 7.684100148852744], [15, 13, 7.694442362601716], [15, 14, 5.88895569150989]], "node_weight": [6, 36, 76, 56, 81, 86, 80, 51, 36, 32, 16, 36, 60, 80, 38, 40]}