{"num_nodes": 20, "edges": [[0, 1, 8.51003806161228], [0, 2, 5.39189160440036], [0, 3, 8.982557183557727], [0, 4, 7.013327910525959], [0, 5, 8.024991738360102], [0, 6, 9.095949535684777], [0, 7, 9.606839342215247], [0, 8, 8.51545494829907], [0, 9, 8.419534361675694], [0, 10, 7.320389371152445], [0, 11, 8.443797718257311], [0, 12, 5.681021286496671], [0, 13, 5.422882475992426], [0, 14, 6.220817527589583], [0, 15, 6.7010658566363555], [0, 16, 5.268184748598076], [0, 17, 7.544738089742743], [0, 18, 6.973266547923111], [0, 19, 9.610019902849839], [1, 0, 8.51003806161228], [1, 2, 5.783000655662654], [1, 3, 9.554158300120687], [1, 4, 6.75348148337439], [1, 5, 6.361508382801599], [1, 6, 9.316149391380378], [1, 7, 7.347861298295504], [1, 8, 6.497158333432235], [1, 9, 7.838260786705786], [1, 10, 8.969165277297083], [1, 11, 9.678956687791633], [1, 12, 8.532455032862906], [1, 13, 8.588516674756548], [1, 14, 7.745676286998962], [1, 15, 6.660491561911842], [1, 16, 8.414615703626637], [1, 17, 8.838316555963434], [1, 18, 8.249444753853258], [1, 19, 5.813958151287826], [2, 0, 5.39189160440036], [2, 1, 5.783000655662654], [2, 3, 7.0897184221603755], [2, 4, 6.255439948594803], [2, 5, 7.609991842963314], [2, 6, 5.409932352024204], [2, 7, 6.894163281120978], [2, 8, 9.46878539659477], [2, 9, 9.77047140966072], [2, 10, 5.4495591720931875], [2, 11, 5.721125077961008], [2, 12, 7.919744562842067], [2, 13, 9.52225448358815], [2, 14, 6.320794477327693], [2, 15, 5.43164430041509], [2, 16, 7.791318995164203], [2, 17, 7.145545284408496], [2, 18, 5.306497644846137], [2, 19, 7.330356714357297], [3, 0, 8.982557183557727], [3, 1, 9.554158300120687], [3, 2, 7.0897184221603755], [3, 4, 6.3328264513715755], [3, 5, 6.151670859410739], [3, 6, 8.560853672451445], [3, 7, 6.0125946345292185], [3, 8, 9.78699180693104], [3, 9, 8.200863084273552], [3, 10, 7.019988526971137], [3, 11, 7.423493176237724], [3, 12, 5.018259067460103], [3, 13, 5.705436570452907], [3, 14, 6.79208919551775], [3, 15, 5.88928875306106], [3, 16, 7.673904479081967], [3, 17, 5.262565077261372], [3, 18, 8.153280910154265], [3, 19, 9.850720624624786], [4, 0, 7.013327910525959], [4, 1, 6.75348148337439], [4, 2, 6.255439948594803], [4, 3, 6.3328264513715755], [4, 5, 9.319795318926733], [4, 6, 8.229318453807725], [4, 7, 6.030393916397138], [4, 8, 5.084279351852087], [4, 9, 6.986918417782273], [4, 10, 8.859867140960692], [4, 11, 8.550545484723365], [4, 12, 9.926473048832786], [4, 13, 5.797491572273078], [4, 14, 6.6070248101243685], [4, 15, 6.303082033728146], [4, 16, 9.656124157543694], [4, 17, 5.715764845266501], [4, 18, 9.04679587399565], [4, 19, 9.853487767646293], [5, 0, 8.024991738360102], [5, 1, 6.361508382801599], [5, 2, 7.609991842963314], [5, 3, 6.151670859410739], [5, 4, 9.319795318926733], [5, 6, 6.0007565428760845], [5, 7, 7.715098797484417], [5, 8, 8.652928132119388], [5, 9, 5.690721504742051], [5, 10, 7.936046392532253], [5, 11, 9.045340902889896], [5, 12, 7.6366026594857574], [5, 13, 8.446794653835093], [5, 14, 5.950583824743378], [5, 15, 7.354018538713561], [5, 16, 8.996148448408496], [5, 17, 7.156279452934428], [5, 18, 6.906300329080253], [5, 19, 5.4566312253592875], [6, 0, 9.095949535684777], [6, 1, 9.316149391380378], [6, 2, 5.409932352024204], [6, 3, 8.560853672451445], [6, 4, 8.229318453807725], [6, 5, 6.0007565428760845], [6, 7, 5.726353837012695], [6, 8, 7.806780537572253], [6, 9, 8.503024721412292], [6, 10, 6.365891848066392], [6, 11, 9.115373476494934], [6, 12, 5.090226626070111], [6, 13, 5.671550259721524], [6, 14, 5.150035812847827], [6, 15, 5.914023726739312], [6, 16, 9.91883955131171], [6, 17, 9.27769484400481], [6, 18, 7.08839141030061], [6, 19, 8.479589144533383], [7, 0, 9.606839342215247], [7, 1, 7.347861298295504], [7, 2, 6.894163281120978], [7, 3, 6.0125946345292185], [7, 4, 6.030393916397138], [7, 5, 7.715098797484417], [7, 6, 5.726353837012695], [7, 8, 7.691137759932751], [7, 9, 8.712410817203567], [7, 10, 8.787238774191767], [7, 11, 8.856102620188462], [7, 12, 6.68890537278606], [7, 13, 5.683993946284833], [7, 14, 7.508274323071595], [7, 15, 9.482156880472488], [7, 16, 7.161411935309358], [7, 17, 9.448079685734637], [7, 18, 9.471211262344141], [7, 19, 6.32856295556515], [8, 0, 8.51545494829907], [8, 1, 6.497158333432235], [8, 2, 9.46878539659477], [8, 3, 9.78699180693104], [8, 4, 5.084279351852087], [8, 5, 8.652928132119388], [8, 6, 7.806780537572253], [8, 7, 7.691137759932751], [8, 9, 7.982730469605702], [8, 10, 8.377258553706373], [8, 11, 8.331523972188682], [8, 12, 6.11859609133103], [8, 13, 8.933740694337747], [8, 14, 7.3897766151657525], [8, 15, 6.561214234181547], [8, 16, 9.458965377556918], [8, 17, 8.601187245946216], [8, 18, 9.03007256892477], [8, 19, 6.828083220665451], [9, 0, 8.419534361675694], [9, 1, 7.838260786705786], [9, 2, 9.77047140966072], [9, 3, 8.200863084273552], [9, 4, 6.986918417782273], [9, 5, 5.690721504742051], [9, 6, 8.503024721412292], [9, 7, 8.712410817203567], [9, 8, 7.982730469605702], [9, 10, 7.302351674261498], [9, 11, 6.013878585617795], [9, 12, 6.35646928716074], [9, 13, 6.541690619812954], [9, 14, 5.266490751480417], [9, 15, 9.830440022703304], [9, 16, 5.6249755398187355], [9, 17, 9.301572548487467], [9, 18, 7.067759249702386], [9, 19, 7.6907505683979345], [10, 0, 7.320389371152445], [10, 1, 8.969165277297083], [10, 2, 5.4495591720931875], [10, 3, 7.019988526971137], [10, 4, 8.859867140960692], [10, 5, 7.936046392532253], [10, 6, 6.365891848066392], [10, 7, 8.787238774191767], [10, 8, 8.377258553706373], [10, 9, 7.302351674261498], [10, 11, 8.217246181063118], [10, 12, 7.976211626348796], [10, 13, 6.165889846153483], [10, 14, 6.687166631587871], [10, 15, 8.669502873506744], [10, 16, 9.859036372968044], [10, 17, 8.897704487038238], [10, 18, 6.8199911299928315], [10, 19, 7.100435764531348], [11, 0, 8.443797718257311], [11, 1, 9.678956687791633], [11, 2, 5.721125077961008], [11, 3, 7.423493176237724], [11, 4, 8.550545484723365], [11, 5, 9.045340902889896], [11, 6, 9.115373476494934], [11, 7, 8.856102620188462], [11, 8, 8.331523972188682], [11, 9, 6.013878585617795], [11, 10, 8.217246181063118], [11, 12, 9.96729156747653], [11, 13, 9.009637707529546], [11, 14, 6.778936935078731], [11, 15, 6.177913264511791], [11, 16, 6.773876306467015], [11, 17, 5.325792389382114], [11, 18, 9.958655873918229], [11, 19, 8.963308920008146], [12, 0, 5.681021286496671], [12, 1, 8.532455032862906], [12, 2, 7.919744562842067], [12, 3, 5.018259067460103], [12, 4, 9.926473048832786], [12, 5, 7.6366026594857574], [12, 6, 5.090226626070111], [12, 7, 6.68890537278606], [12, 8, 6.11859609133103], [12, 9, 6.35646928716074], [12, 10, 7.976211626348796], [12, 11, 9.96729156747653], [12, 13, 5.588343802087332], [12, 14, 9.515156666429226], [12, 15, 8.670860083221974], [12, 16, 6.299299105241136], [12, 17, 5.258752313202394], [12, 18, 9.080904419138424], [12, 19, 6.563560295470948], [13, 0, 5.422882475992426], [13, 1, 8.588516674756548], [13, 2, 9.52225448358815], [13, 3, 5.705436570452907], [13, 4, 5.797491572273078], [13, 5, 8.446794653835093], [13, 6, 5.671550259721524], [13, 7, 5.683993946284833], [13, 8, 8.933740694337747], [13, 9, 6.541690619812954], [13, 10, 6.165889846153483], [13, 11, 9.009637707529546], [13, 12, 5.588343802087332], [13, 14, 6.332515446657762], [13, 15, 6.382066941490078], [13, 16, 5.601848287770942], [13, 17, 5.90369537796531], [13, 18, 7.422093893554004], [13, 19, 5.428472913259748], [14, 0, 6.220817527589583], [14, 1, 7.745676286998962], [14, 2, 6.320794477327693], [14, 3, 6.79208919551775], [14, 4, 6.6070248101243685], [14, 5, 5.950583824743378], [14, 6, 5.150035812847827], [14, 7, 7.508274323071595], [14, 8, 7.3897766151657525], [14, 9, 5.266490751480417], [14, 10, 6.687166631587871], [14, 11, 6.778936935078731], [14, 12, 9.515156666429226], [14, 13, 6.332515446657762], [14, 15, 6.726394203679422], [14, 16, 8.322134128488088], [14, 17, 8.51095386628728], [14, 18, 5.39873279626013], [14, 19, 6.870182332632053], [15, 0, 6.7010658566363555], [15, 1, 