{"0.0": 73025.69601734536, "0.01": 73025.69601734536, "0.02": 73025.69601734536, "0.03": 73025.69601734536, "0.04": 73025.69601734536, "0.05": 73025.69601734536, "0.06": 73025.69601734536, "0.07": 73025.69601734536, "0.08": 73025.69601734536, "0.09": 73025.69601734536, "0.1": 73025.69601734536, "0.11": 73025.69601734536, "0.12": 73025.69601734536, "0.13": 73025.69601734536, "0.14": 73025.69601734536, "0.15": 73025.69601734536, "0.16": 73025.69601734536, "0.17": 73025.69601734536, "0.18": 73025.69601734536, "0.19": 73025.69601734536, "0.2": 73025.69601734536, "0.21": 73025.69601734536, "0.22": 73025.69601734536, "0.23": 73025.69601734536, "0.24": 73025.69601734536, "0.25": 73025.69601734536, "0.26": 73025.69601734536, "0.27": 73025.69601734536, "0.28": 73025.69601734536, "0.29": 73025.69601734536, "0.3": 73025.69601734536, "0.31": 73025.69601734536, "0.32": 73025.69601734536, "0.33": 73025.69601734536, "0.34": 73025.69601734536, "0.35": 73025.69601734536, "0.36": 73025.69601734536, "0.37": 73025.69601734536, "0.38": 73025.69601734536, "0.39": 73025.69601734536, "0.4": 73025.69601734536, "0.41": 73025.69601734536, "0.42": 73025.69601734536, "0.43": 73025.69601734536, "0.44": 73025.69601734536, "0.45": 73025.69601734536, "0.46": 73025.69601734536, "0.47": 73025.69601734536, "0.48": 73025.69601734536, "0.49": 73025.69601734536, "0.5": 73025.69601734536, "0.51": 73025.69601734536, "0.52": 73025.69601734536, "0.53": 73025.69601734536, "0.54": 73025.69601734536, "0.55": 73025.69601734536, "0.56": 73025.69601734536, "0.57": 73025.69601734536, "0.58": 73025.69601734536, "0.59": 73025.69601734536, "0.6": 73025.69601734536, "0.61": 73025.69601734536, "0.62": 73025.69601734536, "0.63": 73025.69601734536, "0.64": 73025.69601734536, "0.65": 73025.69601734536, "0.66": 73025.69601734536, "0.67": 73025.69601734536, "0.68": 73025.69601734536, "0.69": 73025.69601734536, "0.7": 73025.69601734536, "0.71": 73025.69601734536, "0.72": 73025.69601734536, "0.73": 73025.69601734536, "0.74": 73025.69601734536, "0.75": 73025.69601734536, "0.76": 73025.69601734536, "0.77": 73025.69601734536, "0.78": 73025.69601734536, "0.79": 73025.69601734536, "0.8": 73025.69601734536, "0.81": 73025.69601734536, "0.82": 73025.69601734536, "0.83": 73025.69601734536, "0.84": 73025.69601734536, "0.85": 73025.69601734536, "0.86": 73025.69601734536, "0.87": 73025.69601734536, "0.88": 73025.69601734536, "0.89": 73025.69601734536, "0.9": 73025.69601734536, "0.91": 73025.69601734536, "0.92": 73025.69601734536, "0.93": 73025.69601734536, "0.94": 73025.69601734536, "0.95": 73025.69601734536, "0.96": 73025.69601734536, "0.97": 73025.69601734536, "0.98": 73025.69601734536, "0.99": 73025.69601734536, "1.0": 73025.69601734536}