{"0.0": 72190.05271076367, "0.01": 72190.05271076367, "0.02": 72190.05271076367, "0.03": 72190.05271076367, "0.04": 72190.05271076367, "0.05": 72190.05271076367, "0.06": 72173.48395356486, "0.07": 72173.48395356486, "0.08": 72159.26142473999, "0.09": 72173.6285857937, "0.1": 72168.88816600738, "0.11": 72150.38177419498, "0.12": 72150.38177419498, "0.13": 72150.38177419498, "0.14": 72150.38177419498, "0.15": 72150.38177419498, "0.16": 72150.38177419498, "0.17": 72150.38177419498, "0.18": 72150.38177419498, "0.19": 72150.38177419498, "0.2": 72150.38177419498, "0.21": 72150.38177419498, "0.22": 72150.38177419498, "0.23": 72150.38177419498, "0.24": 72150.38177419498, "0.25": 72150.38177419498, "0.26": 72150.38177419498, "0.27": 72150.38177419498, "0.28": 72150.38177419498, "0.29": 72150.38177419498, "0.3": 72150.38177419498, "0.31": 72150.38177419498, "0.32": 72150.38177419498, "0.33": 72150.38177419498, "0.34": 72150.38177419498, "0.35": 72150.38177419498, "0.36": 72150.38177419498, "0.37": 72150.38177419498, "0.38": 72150.38177419498, "0.39": 72150.38177419498, "0.4": 72150.38177419498, "0.41": 72150.38177419498, "0.42": 72150.38177419498, "0.43": 72150.38177419498, "0.44": 72150.38177419498, "0.45": 72150.38177419498, "0.46": 72150.38177419498, "0.47": 72150.38177419498, "0.48": 72150.38177419498, "0.49": 72150.38177419498, "0.5": 72150.38177419498, "0.51": 72150.38177419498, "0.52": 72150.38177419498, "0.53": 72150.38177419498, "0.54": 72150.38177419498, "0.55": 72150.38177419498, "0.56": 72150.38177419498, "0.57": 72150.38177419498, "0.58": 72150.38177419498, "0.59": 72150.38177419498, "0.6": 72150.38177419498, "0.61": 72150.38177419498, "0.62": 72150.38177419498, "0.63": 72150.38177419498, "0.64": 72150.38177419498, "0.65": 72150.38177419498, "0.66": 72150.38177419498, "0.67": 72150.38177419498, "0.68": 72150.38177419498, "0.69": 72150.38177419498, "0.7": 72150.38177419498, "0.71": 72150.38177419498, "0.72": 72150.38177419498, "0.73": 72150.38177419498, "0.74": 72150.38177419498, "0.75": 72150.38177419498, "0.76": 72150.38177419498, "0.77": 72150.38177419498, "0.78": 72150.38177419498, "0.79": 72150.38177419498, "0.8": 72150.38177419498, "0.81": 72150.38177419498, "0.82": 72150.38177419498, "0.83": 72150.38177419498, "0.84": 72150.38177419498, "0.85": 72150.38177419498, "0.86": 72150.38177419498, "0.87": 72150.38177419498, "0.88": 72150.38177419498, "0.89": 72150.38177419498, "0.9": 72150.38177419498, "0.91": 72150.38177419498, "0.92": 72150.38177419498, "0.93": 72150.38177419498, "0.94": 72150.38177419498, "0.95": 72150.38177419498, "0.96": 72150.38177419498, "0.97": 72150.38177419498, "0.98": 72150.38177419498, "0.99": 72150.38177419498, "1.0": 72150.38177419498}