{"0.0": 22312.20524500409, "0.01": 22312.20524500409, "0.02": 22312.20524500409, "0.03": 22312.20524500409, "0.04": 22312.20524500409, "0.05": 22312.20524500409, "0.06": 22312.20524500409, "0.07": 22312.20524500409, "0.08": 22312.20524500409, "0.09": 22312.20524500409, "0.1": 22312.20524500409, "0.11": 22312.20524500409, "0.12": 22298.64036126473, "0.13": 22298.64036126473, "0.14": 22298.75701837734, "0.15": 22299.953255624332, "0.16": 22299.034297678332, "0.17": 22299.034297678332, "0.18": 22324.147336279348, "0.19": 22315.868828856685, "0.2": 22311.648364440174, "0.21": 22299.459090007775, "0.22": 22324.637553126064, "0.23": 22318.440010518512, "0.24": 22329.703773998095, "0.25": 22318.541499122897, "0.26": 22318.541499122897, "0.27": 22318.541499122897, "0.28": 22318.541499122897, "0.29": 22318.541499122897, "0.3": 22318.541499122897, "0.31": 22318.541499122897, "0.32": 22318.541499122897, "0.33": 22318.541499122897, "0.34": 22318.541499122897, "0.35": 22318.541499122897, "0.36": 22318.541499122897, "0.37": 22318.541499122897, "0.38": 22318.541499122897, "0.39": 22318.541499122897, "0.4": 22318.541499122897, "0.41": 22318.541499122897, "0.42": 22318.541499122897, "0.43": 22318.541499122897, "0.44": 22318.541499122897, "0.45": 22318.541499122897, "0.46": 22318.541499122897, "0.47": 22318.541499122897, "0.48": 22318.541499122897, "0.49": 22318.541499122897, "0.5": 22318.541499122897, "0.51": 22318.541499122897, "0.52": 22318.541499122897, "0.53": 22318.541499122897, "0.54": 22318.541499122897, "0.55": 22318.541499122897, "0.56": 22318.541499122897, "0.57": 22318.541499122897, "0.58": 22318.541499122897, "0.59": 22318.541499122897, "0.6": 22318.541499122897, "0.61": 22318.541499122897, "0.62": 22318.541499122897, "0.63": 22318.541499122897, "0.64": 22318.541499122897, "0.65": 22318.541499122897, "0.66": 22318.541499122897, "0.67": 22318.541499122897, "0.68": 22318.541499122897, "0.69": 22318.541499122897, "0.7": 22318.541499122897, "0.71": 22318.541499122897, "0.72": 22318.541499122897, "0.73": 22318.541499122897, "0.74": 22318.541499122897, "0.75": 22318.541499122897, "0.76": 22318.541499122897, "0.77": 22318.541499122897, "0.78": 22318.541499122897, "0.79": 22318.541499122897, "0.8": 22318.541499122897, "0.81": 22318.541499122897, "0.82": 22318.541499122897, "0.83": 22318.541499122897, "0.84": 22318.541499122897, "0.85": 22318.541499122897, "0.86": 22318.541499122897, "0.87": 22318.541499122897, "0.88": 22318.541499122897, "0.89": 22318.541499122897, "0.9": 22318.541499122897, "0.91": 22318.541499122897, "0.92": 22318.541499122897, "0.93": 22318.541499122897, "0.94": 22318.541499122897, "0.95": 22318.541499122897, "0.96": 22318.541499122897, "0.97": 22318.541499122897, "0.98": 22318.541499122897, "0.99": 22318.541499122897, "1.0": 22318.541499122897}