{"Greedy Assignment": [9756.312826474366, 10755.883720967591, 9873.022412081515, 11476.692811038707, 10516.892520962858, 11316.22193440014, 10355.513569432063, 10972.245367419077, 10501.799950037988, 10564.406098389869, 10296.532835861955, 8822.62081265359, 12594.783449599126, 9630.848617183985, 10336.537509835378, 11905.50133908401, 8845.021467845881, 10561.789591944598, 10871.90339183622, 10518.707398835402, 10248.7443098022, 12514.482870110241, 9375.956124594457, 10891.419707856026, 11287.67152314123], "Nearest Neighbor Assignment": [10221.835532862184, 9718.563615620558, 8553.93486200517, 12130.874770210774, 10526.249134931608, 13091.210674429927, 10297.992179714307, 12838.795110369036, 8339.97395845293, 11289.153897530407, 11996.70897305751, 9115.131949701294, 10057.855513229833, 10699.519694649385, 11317.934219593877, 11476.722507705408, 6177.88631605494, 12535.578668601811, 11952.940058258719, 10281.03847587079, 16252.65922168086, 12030.960617153436, 6379.790730687845, 13254.591036093549, 10887.61730574979], "Greedy + Random (25%) Assignment": [5592.404865870901, 7611.070544634819, 7530.769604723496, 6397.907628378738, 6407.334099114439, 6141.667536035526, 6244.7607640900405, 8467.540939283435, 4192.532679227089, 5564.673269602217, 6985.567713890296, 6398.677051332101, 7388.002746728402, 6499.775150626223, 6707.79706578187, 6837.923299493205, 4585.272349564919, 6382.788887686213, 7206.360645887865, 6752.820420747988, 6151.480689664817, 8809.272029599679, 5947.022428736457, 4778.734384011349, 7721.272523934153], "Greedy + Random (50%) Assignment": [5592.404865870901, 7611.070544634819, 7530.769604723496, 6397.907628378738, 6407.334099114439, 6141.667536035526, 6244.7607640900405, 8467.540939283435, 4192.532679227089, 5564.673269602217, 6985.567713890296, 6398.677051332101, 7388.002746728402, 6499.775150626223, 6707.79706578187, 6837.923299493205, 4585.272349564919, 6382.788887686213, 7206.360645887865, 6752.820420747988, 6151.480689664817, 8809.272029599679, 5947.022428736457, 4778.734384011349, 7721.272523934153], "Greedy + Random (75%) Assignment": [5592.404865870901, 7611.070544634819, 7530.769604723496, 6397.907628378738, 6407.334099114439, 6141.667536035526, 6244.7607640900405, 8467.540939283435, 4192.532679227089, 5564.673269602217, 6985.567713890296, 6398.677051332101, 7388.002746728402, 6499.775150626223, 6707.79706578187, 6837.923299493205, 4585.272349564919, 6382.788887686213, 7206.360645887865, 6752.820420747988, 6151.480689664817, 8809.272029599679, 5947.022428736457, 4778.734384011349, 7721.272523934153], "Transfers and Swaps Greedy": [12241.793048319445, 12655.310996415066, 12132.101665453063, 13477.857521669546, 12483.697124294536, 13105.796025357447, 11887.194313194705, 12886.209333718934, 12766.774669456141, 12448.429563343698, 13187.57338610766, 10521.663767074118, 15460.082551697365, 12406.922868043912, 12472.759548779515, 14175.999514068368, 11732.48664786747, 14278.690016671351, 14102.665135668574, 13192.409433096791, 13376.492082053883, 15044.786383352488, 11496.939279751456, 12472.672975577965, 13533.677451616713], "Transfers and Swaps Nearest Neighbor": [14834.135931936886, 14489.901446853277, 15216.528124723116, 16449.504134090726, 16448.460302942025, 17276.203405596112, 13698.988603802807, 15733.342844689385, 15052.762557875725, 15074.486151849978, 16347.266941666532, 11705.821438722662, 20102.53451824836, 15803.163386930426, 15331.64636126937, 17216.619809437267, 13533.549251199001, 17798.60860425439, 16293.100442288167, 14542.553804929274, 15500.836474857817, 17394.84299804014, 13532.522303301772, 14930.456597659231, 15329.20465684593]}