{"Greedy Assignment": [241439.34879135113, 254413.07544403893, 240690.7267274505, 269799.23409808875, 251193.38573125505, 263998.60137829377, 241930.11851449052, 262498.82540649705, 255041.41995898337, 251762.94300173013, 260425.7511645321, 214209.44316121063, 309482.03845000936, 247267.68882134033, 248647.40481398714, 286907.35283538705, 232434.73061488604, 284611.6739551169, 285421.0768622006, 261856.91934438742, 266476.5447016866, 298385.45862303505, 231479.88410996084, 253632.6876362768, 271962.6304264951], "Nearest Neighbor Assignment": [507624.5182092935, 477534.1065548551, 458882.761459245, 556853.7998429938, 433897.1953165753, 483859.5892764676, 419311.06799387257, 448327.3603900117, 523430.8441587384, 463920.21954844956, 523467.3931022016, 374642.3622544073, 669669.239748353, 511731.38923358644, 521261.96449047246, 568750.1976939196, 487214.19732516387, 623191.814017567, 534430.7149353597, 494953.5401981381, 576182.912461927, 580764.8128716463, 421911.5501292561, 440040.0003298079, 544495.3787838342], "Greedy + Random (25%) Assignment": [280841.8806427405, 293452.211713099, 276027.6565834513, 312117.37554053887, 285891.40519760305, 307301.4587371668, 282626.52402668225, 304800.8357807876, 296054.836181044, 280702.17783636623, 302376.5688791391, 244191.4537737105, 363006.4181925147, 282302.72968476085, 286920.23684736254, 336894.969238801, 264654.46298102365, 328099.1730496022, 328788.62775601173, 291386.62487405183, 310846.17285650375, 343470.68310074304, 265953.2697593783, 288406.75062028563, 311392.96057744353], "Greedy + Random (50%) Assignment": [280841.88064274046, 293452.211713099, 276027.6565834514, 312117.37554053887, 285891.40519760305, 307301.4587371668, 282626.52402668225, 304800.83578078763, 296054.836181044, 280702.17783636623, 302376.568879139, 244191.45377371053, 363006.4181925147, 282302.72968476085, 286920.23684736254, 336894.969238801, 264654.46298102365, 328099.17304960213, 328788.62775601173, 291386.6248740518, 310846.17285650375, 343470.683100743, 265953.2697593783, 288406.7506202856, 311392.9605774435], "Greedy + Random (75%) Assignment": [280841.8806427405, 293452.211713099, 276027.6565834514, 312117.37554053887, 285891.4051976031, 307301.4587371668, 282626.52402668225, 304800.8357807876, 296054.836181044, 280702.1778363663, 302376.568879139, 244191.45377371053, 363006.4181925146, 282302.72968476085, 286920.23684736254, 336894.969238801, 264654.4629810237, 328099.1730496021, 328788.6277560118, 291386.6248740518, 310846.17285650375, 343470.683100743, 265953.26975937834, 288406.75062028563, 311392.9605774436], "Transfers and Swaps Greedy": [245508.91578002326, 254775.55284691154, 242837.3308369841, 270156.81583415205, 250021.77427451374, 262943.68842004973, 238057.72152208566, 258400.17988641845, 255716.18765265998, 249373.74494238585, 264344.1849862928, 210825.44880692108, 309400.41552880936, 248966.99961178584, 249836.37187060813, 284469.47807535797, 236939.9177859348, 286019.40165588696, 282287.0746822317, 265801.251811248, 268507.17031522247, 301586.27517966373, 230329.92065267207, 249905.28619666022, 271165.488748229], "Transfers and Swaps Nearest Neighbor": [300996.1425147036, 295218.7735524335, 311299.0332630732, 336613.21175016975, 331943.00207710685, 347104.6264058858, 276028.13656708045, 320973.1817607559, 311095.4393603181, 304583.9944549822, 331837.3325353867, 240893.6554807654, 412138.8150418918, 321196.57466628053, 311542.1135541134, 354086.37415748136, 279011.1385315383, 371892.42804456694, 335096.7224352941, 323332.69848341745, 342569.7865166947, 357830.8226096254, 273676.0863063082, 305631.55446776253, 314965.47685150447]}