{"Greedy Assignment": [14396.67941860749, 17388.741074199832, 10131.888634115052, 14927.436131793376, 12070.227581534686], "Nearest Neighbor Assignment": [38829.864733688526, 34708.24070647026, 22704.91595304659, 29604.040145093262, 26383.16996631177], "Greedy + Random (25%) Assignment": [17450.62091711055, 18924.913136877083, 13108.140130663784, 15947.884476566032, 14628.816355569856], "Greedy + Random (50%) Assignment": [17450.62091711055, 18924.913136877083, 13108.140130663784, 15947.88447656603, 14628.816355569856], "Greedy + Random (75%) Assignment": [17450.62091711055, 18924.913136877083, 13108.140130663784, 15947.884476566032, 14628.816355569856], "Transfers and Swaps Greedy": [14813.03125256925, 17301.46656725833, 10694.777812267308, 14916.410120849074, 12226.131854651509], "Transfers and Swaps Nearest Neighbor": [30392.640442147647, 23280.518065361994, 15556.235918073386, 21880.114758396674, 19345.499532564725]}