{"Greedy Assignment": [19738.34426327664, 21330.57439615104, 11137.586161418561, 20678.053627566394, 14128.53529690501], "Nearest Neighbor Assignment": [57280.5425801184, 79034.34014288275, 35863.27572425272, 59964.393255721385, 45931.24916598006], "Greedy + Random (25%) Assignment": [27887.508065004076, 26854.156380352895, 20104.144120914614, 24526.732127752293, 23331.402932968], "Greedy + Random (50%) Assignment": [27887.508065004076, 26854.156380352895, 20104.144120914614, 24526.732127752293, 23331.402932968], "Greedy + Random (75%) Assignment": [27887.508065004076, 26854.156380352895, 20104.144120914614, 24526.732127752293, 23331.402932968], "Transfers and Swaps Greedy": [14851.591779718101, 17326.721559715705, 10725.010345801738, 14989.609519044865, 12289.611869218488], "Transfers and Swaps Nearest Neighbor": [30448.943792306083, 23654.81947323733, 15787.465746030957, 22017.180453747722, 19440.985632633005]}