{"Greedy Assignment": [10968.776212731093, 14859.620504433818, 9428.30396010502, 12499.313343923262, 11300.739906469904], "Nearest Neighbor Assignment": [18277.369127192076, 12837.475210403067, 12695.954673644279, 12199.233833238632, 12194.621714120067], "Greedy + Random (25%) Assignment": [6106.929806047731, 9371.811034113758, 6238.074134253277, 11084.814377053837, 7318.9988203717685], "Greedy + Random (50%) Assignment": [6106.929806047731, 9371.811034113758, 6238.074134253277, 11084.814377053837, 7318.9988203717685], "Greedy + Random (75%) Assignment": [6106.929806047731, 9371.811034113758, 6238.074134253277, 11084.814377053837, 7318.9988203717685], "Transfers and Swaps Greedy": [14788.420784878097, 17268.453700308302, 10666.073566596271, 14825.65063496199, 12186.749286094402], "Transfers and Swaps Nearest Neighbor": [30316.948744651178, 22997.332424580996, 15334.965794667405, 21787.175493767565, 19196.19548912245]}