{"Greedy Assignment": [8769.568050545546, 6470.953891717223, 1709.282201313541, 8178.740283643132, 2827.795390435105], "Nearest Neighbor Assignment": [39003.17345292633, 66196.86493247969, 23167.321050608443, 47765.15942248276, 33736.62745185999], "Greedy + Random (25%) Assignment": [21780.578258956346, 17482.345346239137, 13866.069986661336, 13441.917750698456, 16012.404112596232], "Greedy + Random (50%) Assignment": [21780.578258956346, 17482.345346239137, 13866.069986661336, 13441.917750698456, 16012.404112596232], "Greedy + Random (75%) Assignment": [21780.578258956346, 17482.345346239137, 13866.069986661336, 13441.917750698456, 16012.404112596232], "Transfers and Swaps Greedy": [63.170994840003914, 58.267859407402284, 58.936779205467246, 163.95888408287465, 102.86258312408609], "Transfers and Swaps Nearest Neighbor": [131.99504765490565, 657.4870486563341, 452.4999513635521, 230.00495998015685, 244.79014351055594]}