{"Greedy Assignment": [57586.71767442996, 69554.96429679933, 40527.55453646021, 59709.744527173505, 48280.91032613874], "Nearest Neighbor Assignment": [155319.4589347541, 138832.96282588103, 90819.66381218637, 118416.16058037305, 105532.67986524708], "Greedy + Random (25%) Assignment": [69802.4836684422, 75699.65254750833, 52432.560522655134, 63791.53790626413, 58515.26542227942], "Greedy + Random (50%) Assignment": [69802.4836684422, 75699.65254750833, 52432.560522655134, 63791.53790626412, 58515.26542227942], "Greedy + Random (75%) Assignment": [69802.4836684422, 75699.65254750833, 52432.560522655134, 63791.53790626413, 58515.26542227942], "Transfers and Swaps Greedy": [59252.125010277, 69205.86626903331, 42779.11124906923, 59665.640483396295, 48904.527418606034], "Transfers and Swaps Nearest Neighbor": [121570.56176859059, 93122.07226144797, 62224.94367229354, 87520.4590335867, 77381.9981302589]}