{"Greedy Assignment": [12.414840617325932, 15.062095095723915, 12.110543173024006, 16.63233732425542, 11.924923177527646], "Nearest Neighbor Assignment": [31.85937583347836, 26.740838629452263, 26.598407496849113, 29.427491844918436, 24.12952046574527], "Greedy + Random (25%) Assignment": [16.70059048702637, 17.117955767617662, 17.884613963608672, 18.06993638454386, 15.630395362030734], "Greedy + Random (50%) Assignment": [16.70059048702637, 17.117955767617662, 17.884613963608672, 18.06993638454386, 15.630395362030736], "Greedy + Random (75%) Assignment": [16.70059048702637, 17.117955767617662, 17.884613963608672, 18.06993638454386, 15.630395362030736], "Transfers and Swaps Greedy": [13.058064907631756, 15.176144094887563, 13.529044576013288, 16.910570935927066, 12.152968634971199], "Transfers and Swaps Nearest Neighbor": [27.947842943088926, 20.46990858090403, 20.98255859924989, 25.071561131992627, 19.250377042462308]}