{"0.0": 21666.288743765308, "0.01": 21666.288743765308, "0.02": 21666.288743765308, "0.03": 21666.288743765308, "0.04": 21666.288743765308, "0.05": 21666.288743765308, "0.06": 21666.288743765308, "0.07": 21666.288743765308, "0.08": 21666.288743765308, "0.09": 21666.288743765308, "0.1": 21666.288743765308, "0.11": 21666.288743765308, "0.12": 21666.288743765308, "0.13": 21666.288743765308, "0.14": 21666.288743765308, "0.15": 21666.288743765308, "0.16": 21666.288743765308, "0.17": 21666.288743765308, "0.18": 21666.288743765308, "0.19": 21666.288743765308, "0.2": 21666.288743765308, "0.21": 21666.288743765308, "0.22": 21666.288743765308, "0.23": 21666.288743765308, "0.24": 21666.288743765308, "0.25": 21666.288743765308, "0.26": 21666.288743765308, "0.27": 21666.288743765308, "0.28": 21666.288743765308, "0.29": 21666.288743765308, "0.3": 21666.288743765308, "0.31": 21666.288743765308, "0.32": 21666.288743765308, "0.33": 21666.288743765308, "0.34": 21666.288743765308, "0.35": 21666.288743765308, "0.36": 21666.288743765308, "0.37": 21666.288743765308, "0.38": 21666.288743765308, "0.39": 21666.288743765308, "0.4": 21666.288743765308, "0.41": 21666.288743765308, "0.42": 21666.288743765308, "0.43": 21666.288743765308, "0.44": 21666.288743765308, "0.45": 21666.288743765308, "0.46": 21666.288743765308, "0.47": 21666.288743765308, "0.48": 21666.288743765308, "0.49": 21666.288743765308, "0.5": 21666.288743765308, "0.51": 21666.288743765308, "0.52": 21666.288743765308, "0.53": 21666.288743765308, "0.54": 21666.288743765308, "0.55": 21666.288743765308, "0.56": 21666.288743765308, "0.57": 21666.288743765308, "0.58": 21666.288743765308, "0.59": 21666.288743765308, "0.6": 21666.288743765308, "0.61": 21666.288743765308, "0.62": 21666.288743765308, "0.63": 21666.288743765308, "0.64": 21666.288743765308, "0.65": 21666.288743765308, "0.66": 21666.288743765308, "0.67": 21666.288743765308, "0.68": 21666.288743765308, "0.69": 21666.288743765308, "0.7": 21666.288743765308, "0.71": 21666.288743765308, "0.72": 21666.288743765308, "0.73": 21666.288743765308, "0.74": 21666.288743765308, "0.75": 21666.288743765308, "0.76": 21666.288743765308, "0.77": 21666.288743765308, "0.78": 21666.288743765308, "0.79": 21666.288743765308, "0.8": 21666.288743765308, "0.81": 21666.288743765308, "0.82": 21666.288743765308, "0.83": 21666.288743765308, "0.84": 21666.288743765308, "0.85": 21666.288743765308, "0.86": 21666.288743765308, "0.87": 21666.288743765308, "0.88": 21666.288743765308, "0.89": 21666.288743765308, "0.9": 21666.288743765308, "0.91": 21666.288743765308, "0.92": 21666.288743765308, "0.93": 21666.288743765308, "0.94": 21666.288743765308, "0.95": 21666.288743765308, "0.96": 21666.288743765308, "0.97": 21666.288743765308, "0.98": 21666.288743765308, "0.99": 21666.288743765308, "1.0": 21666.288743765308}