{"Greedy Assignment": [744.7282126964293, 1465.5089416823926, 417.9495928398872, 645.1191603341816, 826.7873590456787], "Nearest Neighbor Assignment": [904.5857906341671, 2001.5741314356715, 537.642652230076, 731.1220438769894, 981.3854702495064], "Greedy + Random (25%) Assignment": [785.8328827638195, 1535.9980092011108, 467.7828128178024, 658.1147133676914, 847.140075133511], "Greedy + Random (50%) Assignment": [785.8328827638194, 1535.9980092011108, 467.78281281780227, 659.6770642714532, 849.8850268528771], "Greedy + Random (75%) Assignment": [785.8328827638194, 1535.998009201111, 470.15079544462117, 657.4141085798872, 849.8850268528771], "Transfers and Swaps Greedy": [755.5089929340818, 1479.1303681230352, 421.5935830672491, 654.0984830227693, 841.3718369986567], "Transfers and Swaps Nearest Neighbor": [778.11867220918, 1497.5866239740321, 450.3672838343885, 665.9523801390375, 840.6205425893662]}