{"Greedy Assignment": [2165.5784285929176, 8403.259845849932, 1087.150922685899, 1714.974920571015, 1647.8383282900108], "Nearest Neighbor Assignment": [3518.9041348887, 12405.710930220544, 1767.0663329281053, 2590.403617295413, 2674.569403133178], "Greedy + Random (25%) Assignment": [2165.5784285929176, 8403.259845849932, 1069.008721159689, 1773.0046659209177, 1873.2700301446807], "Greedy + Random (50%) Assignment": [2165.5784285929176, 8403.259845849932, 1069.008721159689, 1773.0046659209177, 1873.2700301446807], "Greedy + Random (75%) Assignment": [2165.5784285929176, 8403.259845849932, 1069.008721159689, 1773.0046659209177, 1873.2700301446807], "Transfers and Swaps Greedy": [2165.5784285929176, 8403.259845849932, 1069.008721159689, 1427.7190849418525, 1509.9591168574716], "Transfers and Swaps Nearest Neighbor": [2165.5784285929176, 8403.259845849932, 1069.008721159689, 1427.7190849418525, 1509.9591168574716]}