{"Greedy Assignment": [394.1434344765085, 419.91608184424877, 277.57678642093975, 417.3205054659187, 400.2838049522235], "Nearest Neighbor Assignment": [146.320256183111, 71.17255870702714, 195.89489034006928, 308.78922077965854, 156.90067267502388], "Greedy + Random (25%) Assignment": [201.36401845466844, 157.9889759497809, 48.25916268080819, 217.12636515891268, 138.32087307738414], "Greedy + Random (50%) Assignment": [201.36401845466844, 157.9889759497809, 48.25916268080819, 134.29368034116692, 158.40092123622878], "Greedy + Random (75%) Assignment": [201.36401845466844, 157.9889759497809, 48.25916268080819, 171.3376921076753, 158.40092123622878], "Transfers and Swaps Greedy": [549.8279149321517, 619.1221131662522, 275.6699929479048, 506.7183070794663, 651.9962457348946], "Transfers and Swaps Nearest Neighbor": [468.65845608371455, 627.5797065106524, 258.6411435262617, 416.6773633854444, 644.3311318059796]}