{"Greedy Assignment": [1771.4349941164091, 7983.343764005684, 809.5741362649594, 1297.6544151050962, 1247.5545233377875], "Nearest Neighbor Assignment": [3372.583878705589, 12334.538371513518, 1571.1714425880361, 2281.6143965157544, 2517.668730458154], "Greedy + Random (25%) Assignment": [1964.2144101382491, 8245.270869900152, 1020.7495584788808, 1555.878300762005, 1734.9491570672967], "Greedy + Random (50%) Assignment": [1964.2144101382491, 8245.270869900152, 1020.7495584788808, 1638.7109855797507, 1714.8691089084518], "Greedy + Random (75%) Assignment": [1964.2144101382491, 8245.270869900152, 1020.7495584788808, 1601.6669738132423, 1714.8691089084518], "Transfers and Swaps Greedy": [1615.750513660766, 7784.13773268368, 793.3387282117842, 921.0007778623863, 857.962871122577], "Transfers and Swaps Nearest Neighbor": [1696.919972509203, 7775.68013933928, 810.3675776334273, 1011.0417215564082, 865.627985051492]}