{"Greedy Assignment": [14894.564253928585, 29310.178833647853, 8358.991856797744, 12902.383206683633, 16535.747180913575], "Nearest Neighbor Assignment": [18091.715812683342, 40031.48262871343, 10752.853044601521, 14622.44087753979, 19627.709404990128], "Greedy + Random (25%) Assignment": [15716.657655276389, 30719.960184022217, 9355.656256356047, 13162.294267353827, 16942.80150267022], "Greedy + Random (50%) Assignment": [15716.657655276387, 30719.960184022217, 9355.656256356046, 13193.541285429064, 16997.700537057543], "Greedy + Random (75%) Assignment": [15716.657655276387, 30719.96018402222, 9403.015908892423, 13148.282171597744, 16997.700537057543], "Transfers and Swaps Greedy": [15110.179858681637, 29582.607362460705, 8431.871661344981, 13081.969660455386, 16827.436739973135], "Transfers and Swaps Nearest Neighbor": [15562.373444183599, 29951.73247948064, 9007.34567668777, 13319.047602780749, 16812.410851787325]}