{"Greedy Assignment": [6.103249945304039, 5.441627299883748, 5.191793352347637, 5.689108838911737, 5.858268980367473], "Nearest Neighbor Assignment": [6.86778435687097, 6.58835619469952, 6.736237635093181, 6.108823065268765, 6.296058061671976], "Greedy + Random (25%) Assignment": [6.333938658633111, 5.680690442445215, 5.71489656811993, 5.667866563983304, 5.71942421447249], "Greedy + Random (50%) Assignment": [6.333938658633111, 5.680690442445215, 5.714896568119931, 5.728338203731253, 5.754385891435861], "Greedy + Random (75%) Assignment": [6.33393865863311, 5.680690442445214, 5.831463038663456, 5.638647578272588, 5.754385891435862], "Transfers and Swaps Greedy": [6.271352369538919, 5.617352744417277, 5.264937128307629, 5.814183859860145, 5.975415670112644], "Transfers and Swaps Nearest Neighbor": [6.484248869628106, 5.816287469720338, 5.7769371158084555, 5.901912858855292, 5.963789258237613]}