{"Greedy Assignment": [43646.09817896607, 52489.80451580467, 44759.47071029852, 37084.7707928342, 38942.93485795709], "Nearest Neighbor Assignment": [83550.62173885498, 129784.82387218456, 104804.76163002013, 69238.65745960754, 70641.78312055943], "Greedy + Random (25%) Assignment": [54104.44465409508, 62481.03243238275, 56177.5583965688, 44259.43596568529, 44387.08954553646], "Greedy + Random (50%) Assignment": [54104.444654095074, 62481.03243238275, 56177.5583965688, 44259.43596568529, 44387.08954553646], "Greedy + Random (75%) Assignment": [54104.44465409508, 62481.03243238275, 56177.5583965688, 44259.43596568529, 44387.089545536466], "Transfers and Swaps Greedy": [45522.5918034246, 55079.73838633399, 46958.78045354286, 36765.504062596905, 38896.319262381396], "Transfers and Swaps Nearest Neighbor": [62258.73282338832, 89839.34928500855, 67900.03812393041, 52911.568218263856, 55467.58569481661]}