{"Greedy Assignment": [44637.686930207594, 54668.39088475374, 49700.04714296933, 39130.689749119156, 42741.53993303822], "Nearest Neighbor Assignment": [92089.43685494697, 183368.73287999176, 128963.40432364761, 77293.95447802756, 86330.81328714566], "Greedy + Random (25%) Assignment": [77026.99898340885, 95940.37567416627, 80128.12099359815, 57283.134149441576, 61451.65532625293], "Greedy + Random (50%) Assignment": [77026.99898340885, 95940.37567416627, 80128.12099359815, 57283.134149441576, 61451.65532625293], "Greedy + Random (75%) Assignment": [77026.99898340885, 95940.37567416627, 80128.12099359815, 57283.134149441576, 61451.65532625293], "Transfers and Swaps Greedy": [45567.097382542466, 55102.660681886206, 47023.300151950076, 36800.49682166567, 38935.33932413589], "Transfers and Swaps Nearest Neighbor": [62398.34482997113, 90028.53358042533, 68433.97867551458, 53114.204920366305, 55541.79146855551]}