{"Greedy Assignment": [42277.583049951194, 50497.91588021894, 41914.11255756767, 35127.473692461004, 36664.11171308855], "Nearest Neighbor Assignment": [73130.8010437093, 74071.49923493284, 45890.073731795565, 57165.955447278444, 58126.697921894294], "Greedy + Random (25%) Assignment": [30257.88020744509, 27234.129756101942, 30405.18347044493, 26459.878521972027, 24160.700856105992], "Greedy + Random (50%) Assignment": [30257.88020744509, 27234.129756101942, 30405.18347044493, 26459.878521972027, 24160.700856105992], "Greedy + Random (75%) Assignment": [30257.88020744509, 27234.129756101942, 30405.18347044493, 26459.878521972027, 24160.700856105992], "Transfers and Swaps Greedy": [45425.62915364515, 55063.87911858157, 46901.45638343685, 36742.663334609155, 38863.76287153041], "Transfers and Swaps Nearest Neighbor": [62153.30709736334, 89603.64262710052, 67590.17972205264, 52505.234218584985, 55298.880591000016]}