{"Greedy Assignment": [2360.1038802564, 4170.475004534797, 7785.934585401657, 4003.2160566581515, 6077.428219949674], "Nearest Neighbor Assignment": [18958.635811237662, 109297.23364505892, 83073.33059185205, 20127.999030749117, 28204.115365251368], "Greedy + Random (25%) Assignment": [46769.118775963754, 68706.24591806432, 49722.93752315322, 30823.25562746955, 37290.954470146935], "Greedy + Random (50%) Assignment": [46769.118775963754, 68706.24591806432, 49722.93752315322, 30823.25562746955, 37290.954470146935], "Greedy + Random (75%) Assignment": [46769.118775963754, 68706.24591806432, 49722.93752315322, 30823.25562746955, 37290.954470146935], "Transfers and Swaps Greedy": [141.46822889731266, 38.78156330463389, 121.84376851322304, 57.83348705651588, 71.57645260548452], "Transfers and Swaps Nearest Neighbor": [245.03773260779417, 424.8909533248079, 843.798953461941, 608.9707017813198, 242.91087755549233]}