{"Greedy Assignment": [174584.3927158643, 209959.2180632187, 179037.88284119408, 148339.0831713368, 155771.73943182835], "Nearest Neighbor Assignment": [334202.48695541994, 519139.2954887382, 419219.04652008053, 276954.62983843015, 282567.1324822377], "Greedy + Random (25%) Assignment": [216417.77861638032, 249924.129729531, 224710.2335862752, 177037.74386274116, 177548.35818214584], "Greedy + Random (50%) Assignment": [216417.7786163803, 249924.129729531, 224710.2335862752, 177037.74386274116, 177548.35818214584], "Greedy + Random (75%) Assignment": [216417.77861638032, 249924.129729531, 224710.2335862752, 177037.74386274116, 177548.35818214586], "Transfers and Swaps Greedy": [182090.3672136984, 220318.95354533597, 187835.12181417143, 147062.01625038762, 155585.27704952558], "Transfers and Swaps Nearest Neighbor": [249034.9312935533, 359357.3971400342, 271600.15249572165, 211646.27287305542, 221870.34277926644]}