{"Greedy Assignment": [26.728060469983895, 23.406065080445536, 21.797844009449914, 26.36057728152049, 27.450443462429323], "Nearest Neighbor Assignment": [51.03730184287337, 56.343871827794075, 49.167833956664126, 48.83734860328529, 49.01274591428484], "Greedy + Random (25%) Assignment": [34.68959980267625, 30.657359675562798, 32.71362842440868, 33.1424414252465, 32.05182283538713], "Greedy + Random (50%) Assignment": [34.68959980267624, 30.6573596755628, 32.71362842440868, 33.142441425246496, 32.05182283538713], "Greedy + Random (75%) Assignment": [34.68959980267625, 30.657359675562798, 32.71362842440868, 33.1424414252465, 32.05182283538713], "Transfers and Swaps Greedy": [28.24356795278617, 25.99847828496336, 24.551068940836174, 26.265549045704265, 27.857482691401184], "Transfers and Swaps Nearest Neighbor": [41.519139258409815, 44.66849609661344, 37.52335744432544, 39.65404866065192, 40.84033433778183]}