{"Greedy Assignment": [203741.79538566302, 238164.66786769638, 236629.59630829966, 211950.76892833086, 210494.5155258531, 230669.8479715404, 228153.54524968937, 213116.4274562831, 194495.50921307158, 192993.79457986858, 216059.2464958323, 212592.4543777802, 228910.6913102731, 232202.24290745295, 215772.7179773143, 210880.96648106966, 234583.3487101166, 227444.85076992068, 231593.23152715247, 206085.96498649105, 230743.69119268347, 206153.88762612373, 208712.69708682538, 235818.41695208786, 215481.60790106765, 214629.94886769593, 222812.5875441237, 224389.0045147242, 197445.55430467776, 217675.71415359667, 235250.17732838116, 210437.1351342302, 207270.0714145287, 199698.51483851692, 208999.07214162522, 236612.5806839637, 217363.14941550646, 188435.67698590757, 197227.20804298524, 216270.3486458701, 236145.19271221766, 217056.14177043893, 203986.83071613868, 201377.8191093438, 189644.38339375606, 232113.94031218952, 232587.3272912112, 222157.46516885384, 220182.88879016764, 242875.1912811618, 222240.3087035731, 234037.40838458287, 214461.22305874218, 207716.90309879623, 215367.04220904587, 219812.3594293835, 220046.10485406648, 237251.0810566037, 216867.63563234019, 191845.22908812403, 195637.23743685894, 218000.3150686861, 228764.4459332823, 239376.1272434814, 198640.16590667836, 231333.03596651586, 204091.70585989903, 184875.27134181742, 239836.9140145924, 217723.99137199548, 225872.0238996229, 245106.88873257645, 224544.49639437432, 200242.8210685742, 203654.57064484476, 206912.3222408702, 207528.63425734153, 200784.20533002686, 216449.42451260827, 221315.03415714722, 257087.13346024806, 230475.18661876192, 230247.97458283184, 252624.5317890576, 224029.4333257827, 217623.15901532365, 225247.19196388713, 219528.82039499073, 228059.29348172265, 204901.59119869475, 234552.1808834654, 215468.67872020038, 215646.29003877105, 247366.71578722735, 226019.06650799006, 218338.57194354752, 199367.7681959272, 204682.53536966667, 216020.7370342996, 197321.87344880513], "Nearest Neighbor Assignment": [269172.10213992634, 306646.77748751163, 306146.7726885154, 280824.07502982114, 282204.1116637642, 280011.14547687763, 295101.71768021135, 275896.42766759347, 268741.61988972867, 253083.43245850285, 284897.8063295996, 275038.8111331415, 292647.0168114109, 287443.12216755224, 280528.7482578848, 281863.6388337398, 291585.64543231303, 279210.6783333987, 293052.0856798685, 272275.16766188643, 294887.91837277333, 271582.3470793797, 271670.2596626562, 299499.4721479817, 280185.0496475993, 282434.23182489845, 288591.15777477017, 285550.7093110017, 257628.70396628923, 283395.86262109136, 295888.68747808377, 270046.5327575557, 279607.6979797354, 270385.7753767356, 279621.30759499036, 294688.0126920468, 297847.04641810467, 259350.6815123003, 272919.08604541665, 271808.31541191915, 298673.0726641583, 278190.7700471442, 269982.7550751941, 269877.85549717455, 255038.72828867254, 292616.57929211995, 286619.77618522337, 288895.7577356529, 283541.58167411014, 299924.4941245375, 285315.9205184494, 301057.7647191487, 271635.6381440782, 274085.64125314646, 277189.34774481616, 274028.681838723, 289652.04838315805, 308280.1711170547, 285020.6985725941, 261953.69931826383, 259819.254872901, 287272.24464739393, 290213.1024928527, 302570.73702162085, 272185.0633314008, 305177.62865431805, 277215.32788931625, 252309.80425534537, 306904.8389376813, 284607.7227283107, 284313.7016941178, 311278.2092768561, 287389.18106089596, 263590.31862449896, 265607.58685945877, 273356.8308201761, 270092.00368253153, 265885.1472579769, 279197.04544093745, 279313.99648143235, 305385.11367730825, 300480.59982621635, 299197.6558003913, 309527.9813416835, 290048.39500943513, 283272.6462197543, 288022.0566513526, 284735.9848491626, 292539.37638868386, 266116.34427570226, 286578.4875994346, 277506.3065442662, 282815.7240461494, 304254.2312698361, 296830.6897663238, 284881.1526600576, 264470.2373555321, 269830.40419431386, 277112.1930095512, 265980.0045501368], "Greedy + Random (25%) Assignment": [232607.9413631854, 271847.8710936547, 271996.88958742644, 242426.9888263125, 242209.72542611478, 249543.38107764017, 260962.96422065864, 240012.60170001508, 227873.5987698692, 216620.41793329743, 245474.20562169194, 239991.48314455166, 258260.3398967733, 254550.27994861873, 242010.35574778015, 242773.59736075747, 258504.58308747257, 248309.27666067262, 255207.56731979945, 233551.9727271241, 259492.35035191276, 233313.70267235785, 236589.43172590178, 265750.73000423313, 238234.14342051194, 244316.55747692744, 253965.99938645223, 251677.411510033, 223882.4925689158, 246396.13855703702, 264915.4905923659, 237783.5193406449, 245261.52496106652, 230176.59951945845, 242327.7143975105, 265829.332027079, 251931.3317236213, 218340.56698313635, 232319.8034154187, 241829.24010340023, 265326.809255002, 241815.0719780346, 231098.3270985846, 230682.84711667872, 217565.04993148294, 258532.4364732549, 259814.55497103574, 255474.18866014868, 251392.01937281518, 268803.2860475585, 254581.01593957064, 267146.9925089973, 235780.56690662345, 239322.75542580622, 241683.3626350049, 240626.82442253217, 255775.51656106385, 269876.7143367387, 245454.69114185186, 219634.7462323731, 226194.58212943975, 249209.6440105422, 259136.41766384715, 268895.5174130384, 230377.1705011658, 264134.5354556405, 234563.45739586945, 210886.50813948308, 272779.2709813472, 251346.59634833792, 247614.5634826919, 281771.1875099164, 256235.98526545963, 229084.6430693266, 233352.80968102365, 235935.2195917239, 235043.1079695255, 230679.78900337132, 241446.03365092276, 249071.3626510201, 275249.69901103125, 265923.4988950871, 262138.25254006853, 275985.385867282, 256895.09649836813, 245070.14187951022, 249898.42183202822, 246117.30759603676, 256591.471555035, 231782.9106348066, 257455.19576416974, 239944.874148543, 241490.48031130634, 275030.74980805704, 257282.97005713833, 246537.53257250163, 224673.24415613158, 230558.6803518152, 244636.05238884795, 227824.06787809497], "Greedy + Random (50%) Assignment": [232607.94136318547, 271847.8710936547, 271996.88958742644, 242426.9888263125, 242209.72542611478, 249543.38107764017, 260962.96422065864, 240012.60170001513, 227873.5987698692, 216620.4179332975, 245474.20562169194, 239991.4831445516, 258260.3398967733, 254550.2799486188, 242010.35574778012, 242773.5973607574, 258504.58308747254, 248309.27666067268, 255207.5673197995, 233551.9727271241, 259492.35035191276, 233313.70267235785, 236589.43172590178, 265750.7300042332, 238234.14342051194, 244316.55747692744, 253965.99938645223, 251677.411510033, 223882.49256891577, 246396.13855703696, 264915.4905923659, 237783.5193406449, 245261.5249610665, 230176.59951945845, 242327.7143975105, 265829.332027079, 251931.33172362126, 218340.56698313635, 232319.8034154186, 241829.24010340017, 265326.80925500207, 241815.07197803454, 231098.3270985846, 230682.84711667872, 217565.04993148294, 258532.43647325496, 259814.55497103574, 255474.18866014868, 251392.01937281518, 268803.2860475584, 254581.01593957064, 267146.9925089973, 235780.56690662337, 239322.75542580622, 241683.36263500486, 240626.82442253217, 255775.51656106388, 269876.71433673875, 245454.6911418519, 219634.74623237303, 226194.58212943975, 249209.6440105422, 259136.41766384715, 268895.51741303847, 230377.1705011658, 264134.5354556405, 234563.45739586948, 210886.50813948308, 272779.2709813473, 251346.5963483379, 247614.5634826919, 281771.1875099163, 256235.98526545963, 229084.6430693266, 233352.80968102362, 235935.2195917239, 235043.1079695255, 230679.78900337126, 241446.03365092276, 249071.3626510201, 275249.6990110312, 265923.4988950871, 262138.25254006853, 275985.38586728205, 256895.09649836813, 245070.14187951022, 249898.42183202822, 246117.3075960368, 256591.471555035, 231782.91063480655, 257455.19576416974, 239944.87414854305, 241490.48031130634, 275030.74980805704, 257282.97005713833, 246537.53257250157, 224673.24415613158, 230558.68035181524, 244636.0523888479, 227824.06787809497],