{"UConn Greedy": [1082.1070020123734], "UConn Nearest Neighbor": [1095.33604988576], "UConn Greedy + Random (25%)": [1091.9393681305203], "UConn Greedy + Random (50%)": [1091.9393681305203], "UConn Greedy + Random (75%)": [1091.9393681305203], "Greedy": [1051.230774880381], "Nearest Neighbor": [1037.016260243086]}