{"UConn Greedy": [10984.190380639917, 9415.563830754127, 10329.374151019263, 10625.652871637087, 10159.815477144926, 11445.281835423466, 10147.492107013846, 9809.286233806877, 10198.174791273497, 10376.279713401504, 9358.535592842505, 10370.944978784342, 10436.37783329717, 12246.68249575491, 11247.724401076888, 9483.34020975582, 9862.946247269112, 10882.165671150044, 11564.150086179761, 9726.970166345682], "UConn Nearest Neighbor": [10583.74427299371, 10230.530255440137, 10723.113524058237, 10814.895686145814, 10307.908433373272, 11256.41286149326, 10258.15229782631, 10637.026159270916, 9844.072827194372, 10085.25800803698, 10280.208774508985, 10611.032213678012, 10110.947438692772, 12254.956532364566, 10784.22850933208, 9502.540028901058, 10798.137516148989, 10247.211014321363, 10978.239090896595, 10570.175869629036], "UConn Greedy + Random (25%)": [10484.638951118708, 9735.86284945557, 10310.148443264086, 10706.007857559343, 10471.10432771039, 11582.889864771823, 10161.078672019255, 10341.09440029932, 9982.263147632093, 10055.195603229531, 9625.381029024578, 10398.945371974794, 9953.385743315315, 12147.946572783741, 11111.976080140625, 9307.090086816968, 10422.062158265222, 10204.797741784838, 11231.93153412399, 10085.165910087886], "UConn Greedy + Random (50%)": [10443.020275971488, 9729.575998770153, 9767.56094177581, 11038.297737854446, 10423.713669646444, 11233.666954446631, 10256.734087647212, 10555.14779096023, 9809.204998788411, 10714.232989982758, 9881.327746978626, 10578.281009790357, 10409.324044017962, 11909.6989910875, 11236.66349880468, 9387.191898303636, 10604.576080348303, 10363.2672877747, 12198.67730429863, 9608.70873294051], "UConn Greedy + Random (75%)": [10609.172469432533, 10206.886193586637, 10540.340924440536, 11151.20182119113, 10538.85879257909, 11829.749744687284, 10416.05963833118, 11120.459288273094, 9791.787949623127, 10916.719938493063, 10120.859260591458, 10572.895658227437, 10441.064093633997, 12968.816543261099, 11350.260465706986, 10096.172524048954, 10392.266789873023, 11007.799492613618, 12070.293668638722, 10243.607623844764], "Greedy": [9651.094194741809, 8618.07683316877, 9381.304056713583, 9658.538989038898, 8909.809574686216, 10135.253819954229, 8962.703694025568, 8988.538603882544, 9060.05350454546, 9056.764997208456, 8343.31063051346, 9483.89073145746, 9048.16795331517, 10632.128636899954, 10004.15004357705, 8317.227545013382, 8729.690727770292, 9804.446829655792, 10193.858513638594, 8716.65870370143], "Nearest Neighbor": [9087.772669359354, 8690.644672269862, 9294.006673191448, 9122.7138469708, 9052.412034921814, 9945.863611924495, 8998.877902381448, 8917.230317623229, 8872.552115733313, 8708.79739508011, 8502.369880605933, 9151.49369851074, 8842.377472110704, 10328.994558471359, 9632.252645795406, 8516.650128530553, 8821.55477920989, 9171.37026188114, 10089.539586410832, 9097.317176922159]}