{"Greedy Assignment": [217223.46207079012, 249823.5845816431, 222703.01493078022, 210744.2460049692, 209478.2643801195, 222538.22106511486, 220076.37451565685, 201231.9180755272, 216207.35038413908, 199018.99238993097, 249767.32220536642, 219704.9301926333, 245873.7408017281, 205474.63889257234, 210477.25872331383, 242126.08437686862, 244472.45361726763, 187678.2173746967, 211496.51556945912, 207330.5926513034, 226186.3012267637, 190988.63091527997, 209408.69336403479, 224419.85920350588, 223594.21292267222, 209828.3173767517, 230377.15222963077, 216064.69114176865, 225561.77822336424, 253969.9757361891, 193679.43767656546, 210492.4190267807, 201611.20536404796, 200552.57458332536, 198313.09445614408, 241153.90561182643, 208087.250007009, 209693.01939343178, 203214.3122725711, 230465.78972234824, 187043.00904767378, 199866.901190806, 245548.62126916772, 218694.89572433228, 232333.4107292483, 225876.5832211029, 200185.6175109769, 252456.57142721288, 198315.07888347635, 207607.72848020575, 193946.05463449744, 212139.26960191308, 217966.0532828685, 207243.695569547, 212287.7410456549, 207507.94446541808, 227659.24242005413, 198567.4455890242, 222798.27557654347, 242696.360189691, 225243.3666718825, 231084.66167928922, 250009.69083669866, 236262.21693765614, 210032.6022652657, 226271.99876818783, 200477.10344239653, 213335.29996199775, 231244.35562512028, 235032.58091073125, 224968.81799659724, 235215.86736252467, 227275.5232963708, 217288.24276814633, 216954.36171095507, 235052.04201477082, 237231.05990833248, 208318.97876576165, 225323.47245999295, 190404.51867772912, 230246.05398898077, 217459.02440013568, 232357.101396799, 237958.20895523368, 240827.41436404176, 211800.92015476283, 207501.3661380961, 214491.8257601109, 227889.3702618039, 220668.59135555592, 233121.3153092834, 237342.10643460113, 220301.1135430789, 218411.04347226728, 223467.05943097585, 211619.77178949685, 213629.22625974467, 189059.0679729765, 205800.55494907367, 211210.20155628625], "Nearest Neighbor Assignment": [208537.60590601352, 237899.80914474494, 211504.31478446588, 207290.4257987517, 206079.98521016617, 216300.2059355417, 211111.19320326112, 193497.51006615418, 211044.0216136868, 200797.96219307976, 224452.4105221547, 201998.63026937546, 222994.23852325283, 198844.75420269364, 209207.2473646769, 225253.3170569907, 228272.1276927752, 199712.4126818127, 204630.68435441068, 202030.37936405558, 212289.9988509085, 191102.55065038239, 202491.00438227592, 217820.1547955915, 213524.5267411258, 201271.38741624917, 217456.03968726384, 212304.6938284168, 220414.36384872728, 230882.494028898, 185830.74484133715, 205490.270332648, 193955.69248812765, 194374.40431902118, 197953.2320968568, 220966.78862176457, 198924.97438966364, 208289.03056977267, 203660.76058133395, 216903.7625698046, 195716.67875604786, 196767.85549509205, 233632.9581725081, 209012.30582372157, 207760.0010385118, 208595.4462508277, 195427.9904711954, 226134.52951978007, 194167.25411128777, 214840.38643484813, 195294.92333135373, 205476.28837991942, 213475.94913354362, 203755.19594829978, 212926.06014413378, 207496.29767141058, 226199.9969656404, 192884.88804258514, 214445.57119180012, 215437.47794709602, 213978.21554049168, 215035.60724353968, 226612.63732194528, 212236.48321831407, 205131.6236820367, 215369.6758382124, 200234.7926158197, 208761.16449628674, 219325.45171404202, 226518.35953043788, 214332.3512933727, 215708.45833779048, 218632.29400329237, 212709.9131159599, 207360.8050861559, 219139.03603541697, 219441.9685462926, 203909.1337665378, 204231.1920803083, 193114.1820610541, 214514.5325273245, 211353.85861881575, 219157.44487665073, 228220.8886001801, 225762.52019063366, 204825.48556167725, 197440.7373609721, 209830.45001619076, 210480.81431253493, 216579.72110770232, 222762.021241139, 215989.95962132717, 209827.3817746045, 211903.17575255077, 212529.24111588072, 198896.16298695252, 213664.3276364802, 197322.50202934537, 204026.0898893057, 216844.26955800335], "Greedy + Random (25%) Assignment": [209102.9843425026, 248803.6023056875, 225943.41995859434, 211339.68924599915, 210631.83083255086, 221394.44670022017, 222008.19814667315, 201169.1913972125, 223191.66261046793, 199743.6212783976, 238077.60935224144, 207762.3099959247, 234580.69349026083, 198979.05998295432, 210793.0655134906, 243156.6759610845, 243949.16885204046, 196332.90965548527, 209361.91882239855, 205904.28335186982, 219178.7438708038, 193304.38645381268, 209335.17725875284, 222723.68152463305, 219693.68904516692, 208715.34864185442, 230402.82478460373, 215693.7175165455, 229004.0169437221, 244944.72238242123, 191112.56238694073, 207345.80230293953, 196420.05593814352, 202039.2462307362, 199028.09311749128, 233014.7124349581, 207148.6074652666, 214465.20748895718, 212790.78158565244, 231454.8724800083, 191851.60624627685, 202682.07191287883, 240411.61536386298, 220245.71048932514, 222211.43049915624, 217127.2957028825, 203636.34840531918, 241929.77802880778, 196189.67887265107, 218939.42028011318, 202165.9156437417, 205845.61838579312, 221511.37133645135, 210512.86039921557, 218270.9298062139, 210088.1459935975, 241553.1131584867, 192409.23337566928, 222066.33980455337, 227937.56130398897, 222112.50541318068, 226502.58018262722, 244311.68251283938, 225575.2141090145, 212214.14856750658, 227410.19138061814, 194382.9442407076, 217848.79903853807, 231056.1557526288, 236128.69930105432, 227878.5451473638, 228103.66540213354, 232800.4608109646, 218880.68815167964, 217124.5413131755, 227919.76306959987, 226661.79309622283, 207790.73689537836, 222037.02231127518, 196932.83170291706, 223562.63844868244, 219708.61772132106, 230107.85553677767, 239539.74735602, 236936.72401290614, 215784.90881016306, 203822.38058609323, 221412.85835177702, 224891.79764375306, 225673.40108668717, 230752.18919231207, 224465.0166243171, 230727.3931229821, 219666.32465447407, 218989.588796133, 203239.61029085665, 216643.5715120723, 201670.13391110406, 213906.9003111586, 214614.1838620902], "Greedy + Random (50%) Assignment": [209102.9843425026, 248803.6023056874, 225943.41995859434, 211339.68924599918, 210631.83083255086, 221394.44670022017, 222008.1981466731, 201169.19139721245, 223191.66261046793, 199743.6212783976, 238077.60935224142, 207762.30999592473, 234580.69349026083, 198979.05998295432, 210793.0655134906, 243156.6759610845, 243949.16885204046, 196332.90965548527, 209361.9188223985, 205904.28335186985, 219178.7438708038, 193304.3864538127, 209335.17725875284, 222723.68152463305, 219693.68904516698, 208715.3486418544, 230402.82478460373, 215693.7175165455, 229004.01694372212, 244944.72238242123, 191112.56238694076, 207345.8023029395, 196420.05593814346, 202039.2462307362, 199028.09311749128, 233014.7124349581, 207148.60746526663, 214465.20748895718, 212790.78158565238, 231454.8724800083, 191851.60624627682, 202682.0719128789, 240411.61536386292, 220245.71048932514, 222211.43049915624, 217127.2957028825, 203636.34840531918, 241929.7780288079, 196189.67887265107, 218939.42028011318, 202165.9156437417, 205845.61838579315, 221511.37133645135, 210512.86039921557, 218270.92980621388, 210088.1459935975, 241553.1131584867, 192409.23337566928, 222066.33980455337, 227937.56130398897, 222112.50541318068, 226502.58018262722, 244311.68251283938, 225575.21410901455, 212214.14856750658, 227410.19138061814, 194382.9442407076, 217848.79903853807, 231056.1557526288, 236128.69930105432, 227878.5451473638, 228103.66540213354, 232800.4608109646, 218880.68815167964, 217124.54131317543, 227919.76306959987, 226661.79309622283, 207790.7368953784, 222037.02231127518, 196932.83170291706, 223562.63844868244, 219708.617721321, 230107.8555367777, 239539.74735601997, 236936.72401290614, 215784.908810163, 203822.38058609326, 221412.85835177707, 224891.79764375306, 225673.4010866872, 230752.189192312, 224465.0166243171, 230727.3931229821, 219666.324654474, 218989.5887961331, 203239.61029085665, 216643.57151207235, 201670.13391110406, 213906.90031115856, 214614.1838620902],