{"UConn Greedy": [1101.4437453441926], "UConn Nearest Neighbor": [1311.4216416467502], "UConn Greedy + Random (25%)": [1244.723482647897], "UConn Greedy + Random (50%)": [1244.723482647897], "UConn Greedy + Random (75%)": [1244.723482647897], "Greedy": [1065.8054041059083], "Nearest Neighbor": [1042.6520208029758]}