{"UConn Greedy": [11438.747937364533, 9822.039561372927, 10716.919976969562, 11909.723250701207, 10891.151392796242, 12128.004503798757, 10658.161949548528, 10457.615993709169, 10643.338474361066, 11602.422771113095, 9836.012215857352, 11353.653745710539, 11248.949912269383, 13015.264676443092, 12011.238505139441, 10597.236146972604, 10327.496939322773, 12124.608650016946, 12214.470499157636, 10562.13999576429], "UConn Nearest Neighbor": [15355.78851008095, 14997.532421550099, 15959.039699162671, 14753.762564349567, 12596.865528562885, 13688.401142041046, 12906.610838690576, 13247.54080860471, 12711.745622529628, 13707.452000820083, 13747.595534132335, 14456.856932039598, 13052.615110771556, 15843.721198381523, 13413.836670647854, 14855.944603576825, 14385.412714557966, 14130.585275450348, 15935.277708279355, 14973.407525098264], "UConn Greedy + Random (25%)": [12497.345690602911, 11590.449306204908, 12487.42327284534, 13646.103934729128, 13235.811420813217, 13328.051492272993, 12584.51591831343, 13283.097663501378, 11883.666942213536, 11669.726006089815, 12365.293462681246, 12472.837132183346, 13053.454580317299, 13708.23628760458, 12544.221586251491, 12153.59954360736, 12753.526288794932, 12011.96576631937, 13631.070837520005, 12413.97537611924], "UConn Greedy + Random (50%)": [13488.846398584163, 11951.408165561854, 11526.816674824157, 13750.80521642261, 12263.386216470011, 13589.681895781527, 14039.179103080796, 13218.940301498536, 11517.37502891352, 12818.692954724447, 12152.001506990648, 14443.245691008971, 12362.278123248996, 13905.095124802645, 14022.57141232715, 12119.700516026322, 12905.86850079455, 11784.850551843032, 15611.245251367698, 11142.729195719308], "UConn Greedy + Random (75%)": [13678.183717439058, 14313.600803257752, 13695.47775583536, 16388.912996444193, 14092.675071217247, 14700.023962470113, 13291.572183547685, 14074.095788635012, 12070.452507576814, 13969.051145720463, 14217.382322029818, 13669.380542166164, 12579.42536637899, 15593.868907831133, 13648.318515174022, 12753.710886860557, 15790.612868333765, 12406.22633291339, 15404.1256039277, 13157.182889470345], "Greedy": [9816.918143334307, 8755.939087647916, 9451.820943768753, 9777.082836671783, 8995.254377619669, 10348.597899292177, 9061.269758786359, 9036.314521117558, 9154.989611003319, 9205.100518482686, 8461.455662329217, 9689.896164020043, 9191.651230873002, 10946.3642140751, 10050.143970616302, 8393.06659917456, 8827.020406961805, 9924.31830654855, 10329.453876880567, 8801.967599004842], "Nearest Neighbor": [9319.598205786138, 8815.080085345895, 9386.87387432018, 9330.394812477707, 9260.593939881923, 10212.391418926616, 9399.513309868571, 9109.07574029947, 9117.588745392524, 8836.454462449712, 8666.729301961048, 9354.763547348955, 9079.340060896786, 10500.363191390377, 9719.68625713592, 8638.524572633598, 9133.474754489347, 9317.126673495795, 10364.47522746484, 9233.258707854799]}