{"Greedy Assignment": [240954.0017884201, 272703.3197967353, 259982.6290808913, 234638.61489209623, 227035.64938215257, 243385.87114178928, 245819.96251736453, 232583.6592327781, 243547.3927859519, 231197.53652367528, 280402.58963624696, 247974.98548992776, 282622.8699892791, 232077.76186062445, 235585.44892329632, 272002.8703442056, 271315.9368171075, 207120.44339307872, 240698.24657710496, 229939.1730708485, 254675.90005870053, 219199.81282696943, 235816.94786382955, 251712.97989787676, 253705.22184048212, 240455.52570704772, 247699.86920596138, 248341.51874129407, 248938.64609875364, 278625.6556988458, 216115.48245773543, 234967.45432549543, 217527.992809907, 227897.4920893289, 217288.03757747755, 286154.035283793, 228568.92163295718, 228518.35354272666, 224669.27228006235, 256538.2547921591, 201934.98493898052, 219573.83337664805, 269956.4405950265, 247845.33344402982, 257814.83738372536, 247657.84048790706, 223741.5251408433, 283750.6425018165, 232665.95425573378, 231631.74087251985, 234469.2734589516, 237778.87903303117, 235531.6485144, 236119.32133258955, 235091.04000468846, 239210.74975208452, 257957.88458677492, 212370.38620841617, 260573.06411487245, 277244.2376953142, 254159.06081422107, 263889.0049390645, 280780.7053124984, 267616.1621311156, 240214.00174788057, 250892.35620859306, 221635.9258619572, 243571.04340601785, 258275.9629314961, 268894.97244951426, 243255.81384779772, 263199.40862520115, 254889.31061631086, 253225.38575769032, 247484.09887751806, 266122.3671262266, 258465.2533550381, 237709.64645670296, 247556.02918573952, 207469.86667665496, 245895.5902790647, 249285.7102710789, 256233.34336147844, 275672.3011911073, 268543.11169520905, 245290.76070252788, 240362.2535173516, 237299.68962389795, 255936.1324290754, 251599.18287120957, 248527.32584136195, 260876.45338372697, 246295.78311198906, 247165.24489867775, 246325.9314367388, 230416.6781574933, 238097.98473236515, 221977.11699426034, 240959.13418755124, 248554.70591812616], "Nearest Neighbor Assignment": [235582.1703816714, 268980.72850853007, 245979.7947900853, 238812.60186560475, 228182.90809546626, 269155.7822633117, 258491.1908365342, 234777.62187469835, 249720.3513854419, 239435.15629444883, 264279.4654034405, 250976.97859863998, 278947.34306148795, 229605.1053274835, 261862.49827570724, 255024.08959751253, 271358.32705555175, 230381.73496286327, 247868.53103923678, 245571.54032580054, 258576.14717793278, 230387.3769836354, 235833.19723963834, 258165.71338868584, 247670.3350281187, 253578.65223797737, 261263.7904323523, 257744.6290945256, 267992.9147062113, 252987.59591628413, 223994.68292104232, 241949.93005823877, 224872.2470164757, 230742.38989244867, 245462.0691184786, 245952.4850511291, 240704.80817453354, 254604.9277647644, 248957.32676575653, 266884.6057900114, 223804.19653037388, 226381.66391290858, 255127.11626852126, 259087.42387918397, 253313.4851910199, 244607.2130737206, 230786.54517973773, 268948.457859954, 242735.1435527507, 264802.114727916, 249288.41217784706, 244668.38035802956, 251112.3387496546, 247128.72858736638, 264671.21856665786, 260797.83386475622, 257374.9235481007, 221296.88726035118, 243187.36404061964, 251430.77081416466, 274407.327200784, 253618.9400847458, 255565.23864784456, 258991.43919224164, 241095.77772953868, 258492.05048677154, 247354.89136085665, 250831.0143191747, 267322.7341377458, 256263.8767616033, 254927.62979752175, 257819.3278325015, 261186.65879155413, 255335.8517185953, 253573.81285420238, 262028.6117140056, 260202.82278022423, 237929.8667347232, 245163.44407348265, 248321.23941834725, 266681.051040061, 245741.3669248342, 250111.8348454838, 259614.81048484187, 265470.9929948451, 254449.9670006279, 244584.98386685288, 267279.0267106673, 269098.2951561762, 255460.69954593654, 251234.1976513267, 257703.61685215184, 256566.94199442677, 245651.59446040756, 259380.08543316397, 229944.25470916007, 264110.13272043853, 249939.40984715545, 258215.067367521, 249729.2005389394], "Greedy + Random (25%) Assignment": [246011.64840495106, 307792.59039820667, 282049.78211280506, 263468.04613608285, 253507.62970754286, 292525.2980844924, 272804.0339744321, 241271.7368145505, 301137.61532725114, 230921.8783757617, 275174.514403546, 245478.27398973444, 278760.9720711129, 245519.4345755474, 261804.10054013462, 290572.64921831625, 300440.6954451571, 240424.1994029586, 264577.6572386286, 265154.77721332805, 287279.57287265564, 228384.00694431673, 259437.62966185674, 273839.9951605174, 269923.9044261073, 250501.12328962507, 276782.6121925258, 277719.28257736913, 279491.8944878244, 324507.44214147533, 225674.2503925524, 255000.64833327514, 233759.02193540055, 249462.1970277203, 245052.86301820874, 273721.3238327851, 259022.93707617268, 286403.5352399894, 256994.32487477054, 269601.94399102544, 244130.16628300794, 248101.8826598239, 305322.95208091097, 269046.00623588514, 277550.04772249924, 273954.6504186797, 233660.08867914346, 294132.0560186652, 241470.60553119433, 260561.15102302487, 250960.04678299447, 274246.5451124602, 294810.1483737067, 254427.9530080857, 289407.2799161937, 260684.6398300332, 303768.4436722491, 231914.67481760037, 267666.08802616445, 281416.6313984689, 274363.10451448057, 266407.08217188716, 291287.64552257326, 263481.9890375645, 267598.16564990196, 289518.5564873618, 235698.9243038687, 266385.89007582236, 290305.0756558766, 292473.60686247825, 320880.47234956094, 277867.9762388405, 291410.93414215575, 264356.5649886526, 261801.4006920681, 277295.5045207059, 277972.3967213954, 256965.58607940155, 270625.64066479926, 257156.16132845884, 276511.1003258356, 279792.4401265335, 269020.0044556457, 285256.98826317926, 309582.01744154136, 256872.90461400905, 241262.67463069336, 277061.30244803237, 269722.09533287154, 265855.55775479967, 280844.73588448047, 273130.69104691554, 287506.4961470201, 269993.96371338086, 287576.51328112464, 241847.96537466795, 272524.04943288973, 243730.5034558117, 258941.8860414644, 274911.20403118915], "Greedy + Random (50%) Assignment": [246011.64840495106, 307792.59039820667, 282049.78211280506, 263468.04613608285, 253507.62970754286, 292525.2980844924, 272804.0339744321, 241271.7368145505, 301137.61532725114, 230921.8783757617, 275174.514403546, 245478.27398973444, 278760.9720711129, 245519.4345755474, 261804.10054013462, 290572.64921831625, 300440.6954451571, 240424.1994029586, 264577.6572386286, 265154.77721332805, 287279.57287265564, 228384.00694431673, 259437.62966185674, 273839.9951605174, 269923.9044261073, 250501.12328962507, 276782.6121925258, 277719.28257736913, 279491.8944878244, 324507.44214147533, 225674.2503925524, 255000.64833327514, 233759.02193540055, 249462.1970277203, 245052.86301820874, 273721.3238327851, 259022.93707617268, 286403.5352399894, 256994.32487477054, 269601.94399102544, 244130.16628300794, 248101.8826598239, 305322.95208091097, 269046.00623588514, 277550.04772249924, 273954.6504186797, 233660.08867914346, 294132.0560186652, 241470.60553119433, 260561.15102302487, 250960.04678299447, 274246.5451124602, 294810.1483737067, 254427.9530080857, 289407.2799161937, 260684.6398300332, 303768.4436722491, 231914.67481760037, 267666.08802616445, 281416.6313984689, 274363.10451448057, 266407.08217188716, 291287.64552257326, 263481.9890375645, 267598.16564990196, 289518.5564873618, 235698.9243038687, 266385.89007582236, 290305.0756558766, 292473.60686247825, 320880.47234956094, 277867.9762388405, 291410.93414215575, 264356.5649886526, 261801.4006920681, 277295.5045207059, 277972.3967213954, 256965.58607940155, 270625.64066479926, 257156.16132845884, 276511.1003258356, 279792.4401265335, 269020.0044556457, 285256.98826317926, 309582.01744154136, 256872.90461400905, 241262.67463069336, 277061.30244803237, 269722.09533287154, 265855.55775479967, 280844.73588448047, 273130.69104691554, 287506.4961470201, 269993.96371338086, 287576.51328112464, 241847.96537466795, 272524.04943288973, 243730.5034558117, 258941.8860414644, 274911.20403118915],