{"Greedy Assignment": [221385.11139874274, 268190.8799415903, 268520.8544939082, 233773.27742958828, 236085.4658044612, 266817.7567532877, 253541.68159624314, 238647.54956716375, 219942.33480079702, 223382.49814182016, 242520.19047325986, 243537.5983849551, 263936.36850274453, 267277.1663959898, 247237.38062984336, 233881.5125114888, 257479.28053203624, 250788.7387301358, 255174.7285390484, 221140.58659473868, 246704.49511734344, 235363.09213323848, 230971.64453709254, 269394.2833463342, 234319.6897581628, 244936.30152384052, 246257.79149963212, 249468.36633478708, 216667.54095544477, 242268.52513501237, 254101.83895863328, 239478.62884835133, 234826.73750934392, 215876.12051494487, 239231.2919696053, 278858.9390541939, 236336.50123202993, 219963.94601419297, 211468.25806065366, 238187.847829805, 257206.69386192964, 245245.38270973403, 226493.6250787497, 226959.72633823362, 213025.48607870968, 262889.7654340206, 263369.6747911982, 256027.77070146083, 253094.79814675366, 269301.470607251, 256606.84648302803, 264393.74781865184, 246876.03237834666, 237207.991454474, 239207.178377498, 241127.20453276916, 252831.2354588881, 254203.76107574205, 233257.68444266025, 210885.89668040257, 228728.72337421493, 232745.87590188612, 256311.09515414038, 258727.2053390132, 211664.9179128167, 245372.55897480156, 230676.55131565736, 200430.85230513918, 260447.49162754786, 256336.61693469543, 256598.3894221007, 272563.50332747673, 260839.34475417633, 219225.54598892498, 226976.2113961304, 228848.75421273656, 229725.80895884114, 226248.12542933662, 246051.30961269015, 256197.40893730047, 290019.6491430914, 259311.33869983652, 259917.64690405744, 278817.2179190155, 243726.8495168221, 243417.51104666493, 251392.08836536668, 253429.54193825618, 248861.9365765246, 244798.5827232548, 271733.557126153, 248610.92810797604, 240402.12075929745, 276702.18179688003, 257571.57427542342, 231372.69318753105, 222446.5051994752, 231449.81315257278, 236872.53334260723, 217201.05405184132], "Nearest Neighbor Assignment": [326819.4729040433, 426660.09333951137, 379357.8669742143, 371858.08799968794, 342089.2788727762, 357390.5207692592, 390049.6699197141, 339807.296552803, 345052.5930113161, 352935.9742722554, 366397.4019076113, 363424.81703119853, 373845.5816140584, 373773.75642479624, 397877.9067445205, 377496.1188558361, 353576.62115054554, 341804.6786368444, 350661.3550628392, 332904.49640694074, 340976.70049871877, 343514.1989763052, 354644.926658346, 380444.9482924737, 324537.82776178356, 324443.44958930544, 362083.01251436595, 369117.5173212915, 323155.5352214403, 401166.20096956624, 353956.04570844665, 339865.3808694435, 362951.2520328695, 342570.2800692298, 354198.61608010426, 380929.8091781127, 397037.54323123675, 395881.39766749257, 378861.7889617981, 332188.6046516613, 387138.1136237605, 360317.7705278873, 364722.0597385303, 324874.76687209884, 341419.36571149185, 356498.5579658631, 347954.23018922575, 381102.11290573096, 361618.03302189533, 352466.8783123541, 388119.24642340565, 410627.39277802233, 377044.7407277348, 324165.56024025474, 337918.373318188, 370471.75393279904, 357792.45182164776, 389052.4118902508, 346912.4444636056, 359774.5038832802, 332723.33790080034, 370287.6420821459, 382005.296000427, 382271.72990537086, 371412.24223298393, 378204.52373142226, 348425.5548485883, 332285.20658444613, 371858.779578583, 379633.60905638884, 365821.80762820767, 389918.4112149329, 375716.7063521554, 325249.46123917244, 334000.88591644267, 327446.1957658518, 396239.4402245623, 378109.7043838186, 363938.7428103017, 312948.3961425589, 368193.17237074766, 379725.20773934206, 396997.6708326561, 414503.4899128943, 372018.0814107086, 378516.69783417793, 357690.7917169243, 370167.1849900902, 370742.1877595781, 321164.36139324727, 375928.39723263116, 359508.6003616183, 375847.3221212461, 373512.53747363586, 370040.93636354565, 347037.6952326032, 360721.7556211585, 372344.653739797, 348589.063032859, 330317.6863535105], "Greedy + Random (25%) Assignment": [306077.83881877427, 363447.07486722886, 351013.1108337831, 336062.8502638865, 329088.9069569637, 324138.9985606829, 335010.92627733084, 307680.66193854436, 324677.80743307585, 278798.4748905587, 327704.037665897, 321152.28213964443, 330365.7403899448, 332936.8709371263, 329371.22234453174, 316466.96134277066, 346963.79024589853, 307709.79311671533, 327913.6381068422, 314098.4374609558, 336708.33580610564, 307556.99259447644, 308887.38800023304, 343559.0777362845, 336794.967380487, 326787.4013703534, 330396.83509547386, 320652.9712820492, 316428.9350960831, 336397.3243399665, 347000.3678314843, 299693.94958030817, 332264.51969271654, 308654.81536698644, 315558.24754906876, 344620.95660832117, 330861.45325087756, 305727.6912333098, 305588.64850126253, 315416.6033049847, 346408.01870894164, 332838.6091575091, 328513.9844997647, 294113.3230478883, 301680.0793108573, 333084.01708562206, 313064.41266339377, 342254.45928138867, 333581.5562059839, 335160.79959403124, 339443.4908900051, 354800.31628186617, 316243.87265591876, 326142.09388044133, 315391.9727872674, 325259.36377614044, 315121.9843330666, 338876.3443186216, 335105.67729371355, 306659.6761809921, 307352.98474499944, 331383.7812958803, 340384.9866894943, 330322.0036814504, 308136.7882797021, 355298.7491631397, 324687.90170524816, 278624.52072889823, 375985.3879562349, 328628.3523579179, 322959.4804333441, 356557.9322590971, 349326.28878867853, 324727.6803194868, 325493.75418141705, 299595.3174767776, 321688.41354844853, 309222.76933999953, 322836.45259848254, 334934.2078701336, 339496.88247907074, 347073.6693727629, 353518.2268820151, 340913.1917204679, 334300.6854043169, 320113.0574493474, 333210.4448563905, 315489.50614751136, 356574.062004358, 309054.2947730876, 341053.7889451026, 324123.2667590835, 314351.2403131383, 335651.17598726426, 346423.900046212, 328173.28721453226, 311282.89360931265, 296750.31042596477, 321337.4548470645, 326985.28110996773], "Greedy + Random (50%) Assignment": [306077.83881877427, 363447.07486722886, 351013.1108337831, 336062.8502638865, 329088.9069569637, 324138.9985606829, 335010.92627733084, 307680.66193854436, 324677.80743307585, 278798.4748905587, 327704.037665897, 321152.28213964443, 330365.7403899448, 332936.8709371263, 329371.22234453174, 316466.96134277066, 346963.79024589853, 307709.79311671533, 327913.6381068422, 314098.4374609558, 336708.33580610564, 307556.99259447644, 308887.38800023304, 343559.0777362845, 336794.967380487, 326787.4013703534, 330396.83509547386, 320652.9712820492, 316428.9350960831, 336397.3243399665, 347000.3678314843, 299693.94958030817, 332264.51969271654, 308654.81536698644, 315558.24754906876, 344620.95660832117, 330861.45325087756, 305727.6912333098, 305588.64850126253, 315416.6033049847, 346408.01870894164, 332838.6091575091, 328513.9844997647, 294113.3230478883, 301680.0793108573, 333084.01708562206, 313064.41266339377, 342254.45928138867, 333581.5562059839, 335160.79959403124, 339443.4908900051, 354800.31628186617, 316243.87265591876, 326142.09388044133, 315391.9727872674, 325259.36377614044, 315121.9843330666, 338876.3443186216, 335105.67729371355, 306659.6761809921, 307352.98474499944, 331383.7812958803, 340384.9866894943, 330322.0036814504, 308136.7882797021, 355298.7491631397, 324687.90170524816, 278624.52072889823, 375985.3879562349, 328628.3523579179, 322959.4804333441, 356557.9322590971, 349326.28878867853, 324727.6803194868, 325493.75418141705, 299595.3174767776, 321688.41354844853, 309222.76933999953, 322836.45259848254, 334934.2078701336, 339496.88247907074, 347073.6693727629, 353518.2268820151, 340913.1917204679, 334300.6854043169, 320113.0574493474, 333210.4448563905, 315489.50614751136, 356574.062004358, 309054.2947730876, 341053.7889451026, 324123.2667590835, 314351.2403131383, 335651.17598726426, 346423.900046212, 328173.28721453226, 311282.89360931265, 296750.31042596477, 321337.4548470645, 326985.28110996773],