{"Greedy Assignment": [179333.5686359505, 210868.7377075634, 214587.1674852495, 194710.12046112266, 182834.81701168537, 202448.7841441345, 204898.11978502542, 196974.79221526434, 172630.75126054903, 175535.14145356783, 189762.11108394133, 186796.39021868506, 202626.2955594348, 206641.0902607097, 193439.30502250377, 195818.13197592998, 214709.14284146915, 198377.1431860221, 204391.1142382802, 186483.51453650676, 210869.11003945794, 175903.05732393506, 189691.48023074307, 215431.84006602032, 195455.39405920656, 192148.0862661874, 194612.36185737466, 203595.6461725531, 173186.9537981073, 198718.7121664012, 210335.4981165961, 188479.55814042187, 186496.4655556048, 179539.31416380368, 192518.3205467634, 211646.38777504867, 195392.79840318733, 163778.32124259212, 179076.43573780856, 192388.11357860966, 218744.92945540455, 197521.3203438753, 176202.06695954248, 177391.1598442615, 168326.38182431197, 208019.15027700822, 202531.9400950006, 197512.76567777447, 197201.89990213368, 211922.78569303613, 205295.86742645575, 214283.84415485896, 184926.5039547344, 183344.13184101, 191063.58172026093, 191542.5058645647, 202433.2893498038, 222128.123458552, 198421.81287016213, 173475.7131121491, 173242.4593342577, 201047.27191473523, 203467.18666295055, 221411.3076272966, 173361.83868408352, 211642.43723935817, 178995.8707308771, 163086.11726822343, 226028.168261294, 200414.3332707825, 204966.89460864317, 209094.69345433812, 201736.71772385063, 181830.25149807107, 182131.7740964764, 176177.51819087585, 183295.48916820096, 178223.9799510941, 197597.54291494636, 202730.4670158095, 230380.20533176907, 214519.57291760435, 208000.61273944753, 226432.8138331563, 204313.68963614182, 196707.32173053632, 197331.28697742947, 201146.15140646292, 208210.9982053003, 174694.05640514375, 211479.42707876573, 190162.0704606666, 200907.1402207904, 214602.09063078446, 205483.51863521984, 196679.92631194546, 178639.40825451625, 186622.3732197746, 197185.26218416117, 162428.85156058756], "Nearest Neighbor Assignment": [189084.43703258107, 219874.29724854743, 224289.80502768315, 201056.49464658898, 201716.4854748373, 219044.06348763965, 188165.40181771247, 209323.06274224864, 206386.31457387412, 168065.7536239266, 207865.49678179238, 189829.99819087662, 204684.78211933374, 204170.17727423846, 186953.28126323468, 139531.23048382276, 176557.51537161446, 197786.70991786002, 219042.06357073516, 179951.25805887187, 187847.43581732386, 202424.12662407896, 168632.88822659058, 212102.95328995987, 190901.1374781156, 214568.06805319263, 196137.61538269548, 204265.3849920582, 174909.552850231, 221700.11682707607, 197868.70474240428, 179694.09693120996, 212717.71010002616, 189420.00092109505, 174979.91369932264, 209751.132705249, 191315.6864652161, 177675.72519702092, 210448.31021088653, 229401.84673227562, 237399.99227568513, 204046.91310943017, 179902.86265286195, 187982.15634280795, 167913.15135953392, 177104.39395701722, 207377.87592203764, 197148.2408825932, 157016.38406623385, 253211.27833015428, 205615.72375119734, 228679.14457418985, 187739.57828333727, 216167.89443309564, 199402.05464748043, 221300.99027500144, 233734.874135005, 230422.3257297015, 174996.91433054855, 172815.39823889895, 207285.726904229, 216588.42097219435, 220348.88963745348, 228074.65407221252, 176714.97803819622, 216573.03204955725, 197675.18720089685, 161826.82154353592, 194850.1958256687, 185262.86484375835, 231034.42640599085, 252113.63844674657, 194391.27864090778, 179280.00665660243, 178770.92616473947, 192911.24806306284, 206872.10115759037, 175924.98497640062, 209113.04349134318, 161167.45181327348, 222222.24692745408, 218353.7987911076, 213784.1301894547, 204373.93071408384, 191656.48676978165, 218882.3406470851, 238536.97499074298, 201864.91297675107, 213467.80788361514, 172192.49336381303, 185707.15806881385, 224037.97403032187, 210598.05005043274, 225619.38079453047, 219974.1416251604, 203315.3310291337, 168606.5603061887, 198948.51438421238, 211378.3797398359, 167116.6505220082], "Greedy + Random (25%) Assignment": [123027.57819357862, 130288.01252159289, 136943.33145286163, 139387.23799920574, 133066.28552373874, 141176.39741052475, 111644.42828007237, 119781.37647512046, 101485.86847810839, 148543.01262820585, 137607.85572271002, 161076.95918707826, 163952.41444850905, 155689.35390432668, 138180.7161327278, 139739.6999589594, 135669.2799707969, 163108.5839353891, 159967.08315428224, 134508.09313563752, 150357.7556478409, 136335.16627247675, 136217.77151299664, 166435.2607500945, 132856.8249385493, 140113.85326835, 153459.39842341287, 123880.88943984202, 90687.99768983175, 146419.04570683374, 149182.0500200641, 131809.27021036178, 136267.6382829101, 130236.63010620445, 134822.50403573393, 140473.61691544196, 106330.52822387277, 74175.20401798721, 112438.88209904928, 164238.58355606027, 179620.29519622953, 121737.44988172411, 124653.91250425279, 133740.1065872668, 132524.99516151362, 156017.48796303503, 158030.85944674123, 160915.53434995288, 120505.82903227494, 161427.79457935612, 169318.04103759647, 168846.7951118609, 121169.27481027674, 152436.19902989408, 128408.88167398956, 132481.90248058038, 164989.679272663, 181189.53604732352, 102243.22673512471, 110481.02517594503, 127411.2321407103, 125789.25847594111, 158109.70532150925, 98669.79269241664, 123145.57413325121, 109754.99942079543, 123786.72142664732, 111102.44559485465, 115201.32908686034, 141787.66981133775, 154432.50014789216, 133405.95345289292, 147171.63854309745, 130268.76832843483, 114146.39750721841, 121992.73620970671, 143005.86299039522, 112105.52183316642, 148304.7434234827, 117153.74628822459, 187367.7417415901, 149904.20890507853, 137867.9025764193, 187320.0370483975, 127867.52457214624, 115245.54510192707, 113923.5428413354, 169528.511271113, 112883.78281971629, 128468.11024660627, 144104.39594229334, 154198.3121388063, 148341.62571664658, 187902.03229350853, 146280.89842370228, 96486.06075026505, 123626.85868225104, 142182.34103021125, 142979.95719786946, 115899.76869196151],