{"UConn Greedy": [10188.582458838846, 8302.306488579748, 9404.780470408336, 9665.712765818731, 9079.819117454113, 10519.393138614094, 9219.41207807684, 8757.568534246371, 9264.872382201629, 9401.345454659255, 8368.185505798738, 9359.299078930419, 9772.075375659735, 11435.817547273298, 10110.02566661214, 8333.04297942818, 8892.365583059627, 9798.272128947861, 10997.202083393595, 8965.576026591656], "UConn Nearest Neighbor": [6676.499565616246, 6595.103278770186, 6926.273981364504, 7876.18123835138, 7522.799109418982, 7253.369269840063, 8144.992594529356, 6089.38466690862, 5868.366437340761, 5597.370692712034, 6852.862777573734, 5032.588565744349, 7026.052271491389, 8135.19669289812, 7021.199298559819, 6786.716277278747, 6850.341613973336, 7427.754609571996, 7750.997938908955, 6585.847781281972], "UConn Greedy + Random (25%)": [7708.868495888737, 7523.602707034572, 7016.698492348834, 7282.313946069531, 6450.241229624306, 10075.372491398837, 7418.4872789009805, 6055.320986439663, 7697.181667211789, 7042.64793065832, 6184.259878447503, 7225.809432421358, 6563.196431422808, 8089.947730487709, 8432.161613645489, 4949.539194560764, 6741.567382470258, 7976.700500263128, 8610.011398069437, 6356.479020351037], "UConn Greedy + Random (50%)": [7457.944614595066, 6195.273601436231, 6675.508460989607, 8468.343180859862, 6736.458341543864, 7290.647902818084, 5726.048551341357, 7404.620370265332, 7529.29650696789, 8083.690406628921, 5230.4429909421615, 5636.646939743573, 6981.8644047683465, 7169.167307672514, 5546.293326350186, 6216.49412773142, 6356.449899461382, 7680.613391956858, 8220.811967107551, 7205.696448473434], "UConn Greedy + Random (75%)": [6584.280050742813, 5246.431503660309, 7284.851149924045, 7319.22167254146, 5543.459031679014, 7480.487253874658, 4957.86875056858, 7726.380392130555, 7575.913672835514, 6833.737281815067, 6847.830386723361, 7660.5165889288455, 6773.618268224616, 9139.817619926776, 7220.833281691171, 7029.717593145522, 4657.64382630593, 8503.921158977293, 7203.4335355971325, 6338.7478192218005], "Greedy": [9510.92196500354, 8484.803266688761, 9130.908490937596, 9469.769542665254, 8845.741975091698, 9852.343564207189, 8834.932121771595, 8916.210822028715, 9003.32891682039, 8827.566294238311, 8067.661696557327, 9383.457309911988, 8982.461300987234, 10343.965457133012, 9959.865768091078, 8237.28302001878, 8666.981447688173, 9569.70893315059, 10073.146267890028, 8649.975466046655], "Nearest Neighbor": [8868.204700551487, 8371.54169533545, 9058.517758527505, 8975.30230719804, 8692.655372247773, 9553.338765110739, 8562.383946300612, 8723.282498083838, 8687.765465341558, 8536.752071413639, 8373.108112605729, 8929.070012606071, 8510.660815747426, 10207.35188088543, 9513.951257498029, 8312.109208237202, 8446.663638517342, 9030.821330372211, 9852.68736522023, 8880.965934317734]}