{"UConn Greedy": [1061.0331334670948], "UConn Nearest Neighbor": [1004.2139785978995], "UConn Greedy + Random (25%)": [935.5750441524507], "UConn Greedy + Random (50%)": [935.5750441524507], "UConn Greedy + Random (75%)": [935.5750441524507], "Greedy": [1025.4809687927363], "Nearest Neighbor": [1022.9626235922149]}