{"Greedy Assignment": [195138.18844219056, 234259.72324703162, 191423.08462763345, 186515.83584604645, 186270.71563304946, 195816.4307083181, 201094.75280022674, 177711.07904722454, 193132.31446726117, 185760.02728914592, 219136.26994590368, 193093.7755135241, 222375.46710272421, 179336.78278644124, 189160.13075204205, 214971.22729679616, 216566.26612603443, 168595.29666377165, 184925.91435111384, 180947.82023530663, 206880.685602614, 175178.98852219462, 179858.61233388807, 203605.67464609293, 195880.5574422103, 189040.82457646445, 209126.94696609557, 189932.80510126307, 197973.39857570067, 220407.6496363901, 176652.57627499345, 183426.92858988122, 182107.96970304588, 179807.6482126182, 178908.90366130296, 212919.36132249385, 190078.29594835851, 195876.2616599696, 174864.86073684046, 214269.07144831493, 162170.70346971523, 186106.60533734306, 220130.31622630742, 194002.24592838745, 208628.05895794727, 205852.59716176376, 170992.67331350912, 225963.5772792993, 168458.41500723633, 186068.28588705143, 169081.20709239316, 192909.15831710494, 192312.91528312163, 185816.111275086, 179857.23545358682, 181032.06057642354, 199481.75743739578, 183780.0461233645, 207615.6277297619, 216333.62803833155, 196885.25020988105, 206061.87469076447, 224022.7029380572, 219683.58046131622, 190527.2564984831, 203772.57280437017, 180872.91102095065, 185977.0042884971, 210656.86119035145, 215672.23926034177, 210207.7435408262, 212961.5753558149, 199691.31165059013, 184724.83137224216, 200501.63069442514, 199850.98435949668, 215694.86394275344, 192019.3235955169, 206772.91663609192, 175451.75422703387, 208497.1161446569, 186966.0636416197, 210624.54093597076, 211072.07225173246, 215410.71414731754, 185721.77119420265, 175469.92382561334, 193812.08305124944, 189519.26422845857, 201450.246781069, 217184.38664272157, 214920.98695548618, 197290.23012728587, 191065.80799587423, 206590.86507100068, 187441.25989619858, 197916.81097777898, 170813.55896221322, 183739.00931245345, 186304.9316206256], "Nearest Neighbor Assignment": [184721.7560621081, 177617.048243201, 165666.44443790131, 170903.41758408333, 168046.4075303097, 182777.63162879876, 173878.82500125055, 142432.20889121314, 169929.2338559877, 147698.49549651353, 176371.5450842323, 182843.9479368164, 184356.05809775728, 164080.06316834607, 176564.0751532072, 160993.95234686992, 167903.01449903613, 167000.4419933511, 178262.82151950328, 150458.81524513307, 159948.12368620688, 142019.68714366748, 165697.03485108842, 174510.6147045551, 171935.24338567437, 144080.68144300726, 179492.90722157736, 158305.0236607758, 160574.07420423024, 200670.55573936622, 118468.44578092979, 157548.1934207963, 158644.02931572284, 159504.30742853525, 148415.54343141176, 181666.98010287015, 162713.92816301936, 170590.62421936268, 147121.66436466767, 183795.6632340871, 140106.69078175616, 159610.46087483055, 203450.54660754846, 164695.45014514655, 172571.27350924036, 164537.5862813802, 135899.28887735424, 192292.0504668339, 148076.42225810542, 170710.56574584852, 136925.86198495145, 161419.44145366637, 184390.56097501452, 162755.58619098525, 184931.57714320646, 156438.69383484643, 185788.05687966032, 158327.22931298974, 153927.1739671945, 175294.59425314327, 158940.57417375784, 156760.60885252035, 170691.19238437767, 177215.16058155472, 180659.47312327925, 178334.80757029427, 157378.78832678357, 174856.19069846725, 177896.54425941707, 192316.74384681217, 163745.84745381188, 183764.81118171796, 176525.4275585966, 180223.16222220188, 156897.24370871633, 182316.58123640477, 159828.36494944053, 150009.91449493408, 171714.71485074682, 134539.44364634767, 176101.9407502985, 176122.39408310386, 166683.58226504127, 170563.387848845, 154456.50630401284, 149017.39021037446, 159745.85923112248, 171635.5369878092, 158312.58280472615, 169232.75185934332, 196107.7830432553, 185236.4581338374, 168343.99130634213, 167301.89232191117, 169150.67467623216, 164120.4841805452, 166343.75691404677, 139382.4279093679, 145156.500712097, 181497.37247648777], "Greedy + Random (25%) Assignment": [151744.70392447058, 186520.7055157478, 151793.57699893884, 141701.01641483992, 128955.63461848372, 159956.9293249207, 138621.1954140708, 155110.4721122314, 137602.22637174788, 147490.6809623232, 167865.19762645342, 165765.82888150512, 190642.8375759851, 125051.33130654297, 131357.56288352018, 198849.15726320958, 167032.5784759086, 124634.21598327914, 155762.29731666268, 156082.98333210664, 108823.17211989047, 131856.8998596909, 169329.3099968993, 147963.84551481289, 147453.63888633784, 144810.8373585901, 150840.2624226689, 169368.92476395113, 174652.55809049137, 181855.22716312023, 146412.6381352489, 149528.04528420218, 136918.07185920427, 136217.32758033086, 142833.29732490054, 169445.0673151313, 178160.0993940815, 168296.021177662, 166174.4308738102, 165214.1805677839, 134681.33680913763, 128641.37596189286, 151606.85345801315, 178422.20807201648, 147033.02767507592, 180316.64333639052, 114834.67939349827, 163062.60319756457, 134536.74817438755, 171409.38881163375, 157385.68697385554, 135646.92956611508, 143209.4036220055, 125739.46823495896, 152070.86286128365, 142985.9014662922, 172311.11307755747, 139254.17359920108, 158387.85384476453, 162627.906906088, 168655.00502703563, 158555.09141230246, 183606.78833868227, 187226.3069533497, 146420.91724673062, 167140.8293528349, 125096.09200303393, 153490.8737203677, 192590.9414450743, 168490.9016896547, 150547.48755038457, 126908.92189629952, 187729.44443629895, 124476.3655823597, 132599.58304149273, 170143.44823087755, 189133.4934551299, 115141.10271380736, 152887.3702436221, 142348.23523848585, 153901.43231258768, 125551.64463861583, 122254.28935408003, 149775.03517057296, 184407.06895111088, 166105.1013865542, 153286.74146072357, 149897.68257841124, 153106.48102272823, 144401.94160231174, 160431.61377124814, 143519.55041261847, 160811.98740743886, 115875.61788990136, 108414.83910332108, 141610.79292155578, 142885.035018757, 117315.24208396362, 168966.94018982, 135249.39656946322],