{"UConn Greedy": [1250.165478525687, 1519.7330727931785, 1312.1395065612269, 2244.010484882476, 1811.332275342129, 1608.6113651846626, 1438.7498714716876, 1700.0474594627976, 1378.4660921594368, 2201.0773164538405, 1467.8267100586145, 1994.3546667801202, 1476.8745366096482, 1579.4471291697937, 1901.2128385273008, 2264.193167544423, 1435.1313562631458, 2326.3365210690845, 1217.2684157640415, 1596.5639691726337], "UConn Nearest Neighbor": [8679.288944464704, 8402.429142779913, 9032.765717798167, 6877.581325998187, 5074.066419143903, 6435.031872200983, 4761.61824416122, 7158.15614169609, 6843.379185188867, 8110.08130810805, 6894.732756558601, 9424.26836629525, 6026.562839280167, 7708.524505483403, 6392.637372088035, 8069.228326298078, 7535.07110058463, 6702.830665878352, 8184.2797693704, 8387.559743816291], "UConn Greedy + Random (25%)": [4788.477194714174, 4066.846599170336, 5470.724780496506, 6363.789988659597, 6785.570191188912, 3252.6790008741555, 5166.028639412449, 7227.7766770617145, 4186.485275001747, 4627.078075431496, 6181.033584233743, 5247.027699761988, 6490.258148894491, 5618.288557116872, 4112.059972606003, 7204.0603490465965, 6011.958906324674, 4035.2652660562426, 5021.059439450568, 6057.496355768203], "UConn Greedy + Random (50%)": [6030.901783989097, 5756.134564125623, 4851.30821383455, 5282.4620355627485, 5526.9278749261475, 6299.033992963443, 8313.13055173944, 5814.319931233204, 3988.07852194563, 4735.002548095526, 6921.558516048486, 8806.5987512654, 5380.41371848065, 6735.927817130131, 8476.278085976963, 5903.206388294901, 6549.418601333167, 4104.237159886174, 7390.433284260147, 3937.032747245874], "UConn Greedy + Random (75%)": [7093.903666696246, 9067.169299597443, 6410.626605911315, 9069.691323902733, 8549.216039538234, 7219.536708595456, 8333.703432979106, 6347.715396504456, 4494.5388347413, 7135.313863905396, 7369.551935306457, 6008.863953237318, 5805.807098154373, 6454.051287904356, 6427.485233482851, 5723.993293715035, 11132.969042027835, 3902.3051739360963, 8200.692068330567, 6818.435070248544], "Greedy": [305.9961783307681, 271.13582095915444, 320.91245283115677, 307.31329400652976, 149.51240252797106, 496.25433508498827, 226.33763701476346, 120.1036990888424, 151.66069418292864, 377.53422424437485, 393.7939657718907, 306.43885410805524, 209.18992988576792, 602.3987569420879, 90.2782025252236, 155.7835791557809, 160.03895927363192, 354.60937339795964, 256.30760899053894, 151.99213295818663], "Nearest Neighbor": [451.39350523465146, 443.53839001044435, 328.35611579267425, 355.0925052796665, 567.9385676341499, 659.0526538158774, 837.1293635679594, 385.79324221563184, 429.8232800509668, 299.7023910360731, 293.6211893553191, 425.69353474288437, 568.6792451493602, 293.0113105049477, 205.73499963789072, 326.4153643963964, 686.8111159720047, 286.30534312358395, 511.78786224460964, 352.29277353706493]}