{"Greedy Assignment": [42051.54276279223, 57322.14223402689, 53933.687008658686, 39063.15696846563, 53250.64879277581, 64368.97260915319, 48643.56181121772, 41672.7573518994, 47311.583540247986, 47847.35668825233, 52758.07938931853, 56741.20816627005, 61310.07294330973, 60636.076135280135, 53798.07560733959, 38063.38053555883, 42770.13769056709, 52411.59554411372, 50783.61430076821, 34657.07205823192, 35835.3850778855, 59460.03480930341, 41280.16430634947, 53962.44328031386, 38864.29569895624, 52788.21525765312, 51645.429642257455, 45872.72016223398, 43480.58715733746, 43549.812968611164, 43766.34084203717, 50999.070707929466, 48330.27195373911, 36336.80635114119, 46712.97142284192, 67212.55127914523, 40943.70282884259, 56185.62477160085, 32391.82232284511, 45799.73425119533, 38461.76440652509, 47724.06236585873, 50291.55811920721, 49568.56649397212, 44699.10425439771, 54870.61515701239, 60837.734696197615, 58515.00502368636, 55892.89824461998, 57378.68491421486, 51310.97905657228, 50109.90366379288, 61949.52842361227, 53863.85961346398, 48143.59665723707, 49584.69866820445, 50397.946109084325, 32075.63761719005, 34835.871572498116, 37410.18356825347, 55486.26403995723, 31698.603987150884, 52843.908491189824, 37315.89771171659, 38303.07922873317, 33730.12173544339, 51680.68058478026, 37344.73503691575, 34419.32336625387, 55922.28366391294, 51631.49481345754, 63468.80987313861, 59102.627030325704, 37395.29449085391, 44844.437299654004, 52671.23602186071, 46430.31979064018, 48024.14547824251, 48453.76669774379, 53466.94192149097, 59639.44381132233, 44791.76578223216, 51917.03416460991, 52384.40408585919, 39413.159880680294, 46710.18931612861, 54060.801387937216, 52283.390531793266, 40650.9383712243, 70104.52631811105, 60254.1300473873, 58448.85764730943, 39494.98053850705, 62100.091166095575, 52088.05564020359, 34692.7668755856, 43807.09694495896, 44827.43993279818, 39687.27115844606, 54772.20249125376], "Nearest Neighbor Assignment": [137735.0358714622, 206785.79609096394, 155068.06194653118, 170801.59335309896, 140372.7933979389, 138346.45728161954, 201884.26810200163, 130484.23381055437, 138666.27843744197, 184870.22064832877, 158531.9051258189, 173594.8188403219, 169160.79949472466, 169603.57915055778, 210924.6254812858, 237964.88837201335, 177019.1057789311, 144017.96871898437, 131619.29149210406, 152953.23834806887, 153129.2646813949, 141090.07235222624, 186012.03843175544, 168341.9950025138, 133636.69028366797, 109875.3815361128, 165945.39713167047, 164852.13232923328, 148245.9823712093, 179466.08414249017, 156087.34096604236, 160171.28393823357, 150233.54193284333, 153150.27914813472, 179218.70238078161, 171178.6764728637, 205721.85676602065, 218205.67247047165, 168413.4787509116, 102786.75791938568, 149738.1213480754, 156270.8574184571, 184819.19708566836, 136892.6105292909, 173506.21435195793, 179394.16400884587, 140576.35426718812, 183953.87202313775, 204601.64895566148, 99255.59998219981, 182503.52267220832, 181948.24820383248, 189305.16244439755, 107997.6658071591, 138516.31867070758, 149170.7636577976, 124057.57768664276, 158630.0861605493, 171915.53013305704, 186959.10564438126, 125437.61099657134, 153699.22110995156, 161656.4063629735, 154197.07583315833, 194697.2641947877, 161631.491681865, 150750.36764769146, 170458.38504091022, 177008.58375291433, 194370.7442126305, 134787.38122221682, 137804.77276818635, 181325.42771124764, 145969.45458257, 155229.9597517032, 134534.94770278898, 189367.33906697194, 202184.719407418, 154825.69931895853, 151780.9443292854, 145970.92544329358, 161371.40894823446, 183213.54064320138, 210129.5591988105, 180361.59464092695, 159634.35718709283, 119153.8167261813, 168302.27201333913, 157274.37987596297, 148971.86802943423, 190221.2391638173, 135470.6263312964, 165249.27207081334, 147893.1566791054, 150066.79473838524, 143722.36420346948, 192115.1953149698, 173396.13935558463, 137210.68329302312, 163201.0358315023], "Greedy + Random (25%) Assignment": [183050.26062519563, 233159.06234563596, 214069.77938092148, 196675.61226468076, 196022.62143322497, 182962.60115015818, 223366.49799725847, 187899.2854634239, 223191.93895496748, 130255.46226235284, 190096.18194318697, 160075.32295256617, 166413.32594143576, 177247.5170327996, 191190.50621180394, 176727.26138381127, 211294.51027510164, 144601.20918132624, 167946.55495255993, 179590.3443253183, 186350.58015826473, 171221.8263219997, 172669.6164872364, 177123.81698619004, 203938.1424419377, 186673.5481020034, 176937.43667206098, 196772.08184220718, 225740.93740625132, 189978.27863313278, 197818.3178114202, 167884.6793699464, 195996.88140980643, 178418.185260782, 180735.74351333483, 204147.3396928792, 224530.9250270048, 231552.4872153226, 193149.76640221325, 151178.01974892442, 166787.7235127121, 211101.159275785, 203860.07199551188, 160373.21646062148, 169155.08414934366, 177066.52912258703, 155033.55321665254, 181338.9249314358, 213075.72717370896, 173733.00501467512, 170125.4498524086, 185953.52117000526, 195074.597845642, 173705.89485054725, 186983.09111327786, 192777.46129556006, 150132.30506040363, 157686.8082712981, 232862.45055858884, 196178.65100504708, 179941.75260428915, 205594.52281993921, 182275.28136798504, 231652.21098903375, 184991.21414645086, 245543.7497423443, 200901.18027860083, 167522.07513404358, 260784.05886937457, 186840.68254658012, 168526.98028545192, 223151.9788062042, 202154.65024558108, 194458.91199105198, 211347.35667419864, 177602.5812670709, 178682.5505580533, 197117.2475068331, 174531.70917499985, 217780.46158190904, 152129.14073748063, 197169.46046768437, 215650.32430559583, 153593.15467207038, 206433.16083217063, 204867.51234742033, 219286.90201505506, 145960.99487639836, 243690.2791846417, 180586.18452648132, 196949.39300280926, 169924.9546202772, 166009.6145964917, 147749.14369375573, 200143.00162250974, 231687.2264642672, 187656.0349270616, 154567.96939575352, 178357.49764919505, 211085.51241800623], "Greedy + Random (50%) Assignment": [183050.26062519563, 233159.06234563596, 214069.77938092148, 196675.61226468076, 196022.62143322497, 182962.60115015818, 223366.49799725847, 187899.2854634239, 223191.93895496748, 130255.46226235284, 190096.18194318697, 160075.32295256617, 166413.32594143576, 177247.5170327996, 191190.50621180394, 176727.26138381127, 211294.51027510164, 144601.20918132624, 167946.55495255993, 179590.3443253183, 186350.58015826473, 171221.8263219997, 172669.6164872364, 177123.81698619004, 203938.1424419377, 186673.5481020034, 176937.43667206098, 196772.08184220718, 225740.93740625132, 189978.27863313278, 197818.3178114202, 167884.6793699464, 195996.88140980643, 178418.185260782, 180735.74351333483, 204147.3396928792, 224530.9250270048, 231552.4872153226, 193149.76640221325, 151178.01974892442, 166787.7235127121, 211101.159275785, 203860.07199551188, 160373.21646062148, 169155.08414934366, 177066.52912258703, 155033.55321665254, 181338.9249314358, 213075.72717370896, 173733.00501467512, 170125.4498524086, 185953.52117000526, 195074.597845642, 173705.89485054725, 186983.09111327786, 192777.46129556006, 150132.30506040363, 157686.8082712981, 232862.45055858884, 196178.65100504708, 179941.75260428915, 205594.52281993921, 182275.28136798504, 231652.21098903375, 184991.21414645086, 245543.7497423443, 200901.18027860083, 167522.07513404358, 260784.05886937457, 186840.68254658012, 168526.98028545192, 223151.9788062042, 202154.65024558108, 194458.91199105198, 211347.35667419864, 177602.5812670709, 178682.5505580533, 197117.2475068331, 174531.70917499985, 217780.46158190904, 152129.14073748063, 197169.46046768437, 215650.32430559583, 153593.15467207038, 206433.16083217063, 204867.51234742033, 219286.90201505506, 145960.99487639836, 243690.2791846417, 180586.18452648132, 196949.39300280926, 169924.9546202772, 166009.6145964917, 147749.14369375573, 200143.00162250974, 231687.2264642672, 187656.0349270616, 154567.96939575352, 178357.49764919505, 211085.51241800623],