{"UConn Greedy": [40.410611877097836], "UConn Nearest Neighbor": [307.2076630488507], "UConn Greedy + Random (25%)": [309.1484384954464], "UConn Greedy + Random (50%)": [309.1484384954464], "UConn Greedy + Random (75%)": [309.1484384954464], "Greedy": [40.32443531317199], "Nearest Neighbor": [19.689397210760944]}