{"Greedy Assignment": [45815.81334622955, 38443.59654970368, 68559.54445325784, 48122.77904604978, 40764.933749103104, 47569.44043347117, 44725.2097171378, 54872.580185553554, 50415.078318690736, 45437.50923452937, 61266.31969034328, 54881.209976403654, 60247.40288655486, 52740.97907418321, 46425.31817125427, 57031.64304740942, 54749.67069107306, 38525.146729307075, 55772.33222599112, 48991.35283554188, 47795.21445608654, 44020.82430477481, 55958.33552994148, 48107.30525178384, 57824.66439827182, 51414.70113058327, 38572.92223986582, 58408.713640031, 50965.24752305297, 58218.00606245571, 39462.90618274198, 51540.52573561421, 35420.02310686113, 48089.843876710715, 38379.133916174585, 73234.67396129915, 38490.625684598665, 32642.091882757057, 49804.41154322188, 42269.18334384417, 39764.28146926529, 33467.22803930499, 49826.12436871906, 53843.08751564237, 49186.77842577809, 41805.2433261433, 52748.851827334176, 57787.06522251721, 64207.53924849746, 45563.454985468416, 65388.06636655843, 44869.72071592623, 43218.73323127837, 50303.210057503544, 55233.80455110164, 58178.689175660984, 58476.12714937914, 28590.340085051663, 52957.436385110545, 60910.60965698268, 57273.81060434002, 57827.13024830003, 56758.00237444119, 47932.5816697994, 49686.74524939747, 47119.78340422289, 40763.014841006545, 57594.03911752076, 47619.10174114464, 53222.73318917249, 33048.070306971524, 50237.83326938626, 55197.99896572073, 68500.55438544817, 46982.46818309292, 66271.38276672992, 42770.389412284654, 45690.322861186054, 40783.1125496476, 32018.112449621083, 37398.47413440779, 62319.646629459196, 45608.80242550769, 64600.22893937485, 53132.39754789151, 59568.989508325234, 64892.32969173827, 43487.60657264851, 66416.86820061682, 50148.936090140574, 31342.93919864038, 45955.46642824079, 49005.55298470319, 56099.436902803514, 39735.06636573814, 42975.41826129472, 40181.17375458617, 51163.55803204712, 57220.1248750978, 62249.77429750055], "Nearest Neighbor Assignment": [50860.41431956331, 91363.68026532908, 80313.35035218397, 67909.18428152142, 60136.50056515657, 86378.15063451292, 84612.36583528365, 92345.4129834852, 79791.1175294542, 91736.6607979353, 87907.92031920824, 68133.03066182358, 94591.28496373066, 65525.04215913743, 85298.42312250004, 94030.13725064261, 103455.31255651562, 63381.29296951217, 69605.7095197335, 95112.72508066747, 98628.02349172591, 88367.6898399679, 70136.16238854991, 83655.09868413073, 75735.09164244431, 109497.97079497011, 81770.88321077495, 99439.60543374979, 107418.84050198106, 52317.040176917915, 105526.23714011253, 84401.73663744246, 66228.21770075287, 71238.08246391342, 97046.52568706684, 64285.50494825895, 77990.88001151418, 84014.30354540172, 101835.66240108886, 83088.94255592432, 83697.50574861772, 66771.20303807803, 51676.569660972804, 94391.97373403743, 80742.21168177953, 80069.6267923404, 94887.2563023835, 76656.40739312008, 94658.72129464528, 94091.5489820675, 112362.55019289561, 83248.9389043632, 66721.77777464007, 84373.14239638112, 79739.6414234514, 104359.14002990979, 71586.86666844037, 62969.65794736144, 89260.19007342512, 76136.17656102139, 115466.75302702616, 96858.33123222544, 84874.04626346688, 81776.27861068692, 60436.30460625942, 80157.24291647726, 89976.10303407308, 75974.82362070744, 89426.18987832873, 63947.13291479112, 91181.78234370987, 74054.51665078354, 84661.23123295754, 75112.68949639343, 96676.56914548605, 79712.03047760081, 100374.45783078371, 87919.95223978913, 73448.72922273583, 113781.79577199958, 90579.1102897625, 69618.97284173034, 83428.25258044252, 89051.42263599686, 111014.48669083224, 105432.57679025343, 84839.1246357304, 95643.4897228581, 110785.71235145006, 86227.94768659322, 55126.41460807141, 72467.15871831443, 88222.95068808465, 78349.70213849639, 90229.41075693181, 65823.77052861487, 97766.37580639176, 110556.98193778755, 113058.56665542399, 68231.82806245162], "Greedy + Random (25%) Assignment": [94266.94448048048, 121271.88488245886, 130256.20511386622, 121767.02972124293, 124551.99508905914, 132568.3687595717, 134182.8385603613, 86161.26470231911, 163535.38895550327, 83431.1974134385, 107309.31677709258, 79712.44510822932, 88118.1344951278, 120468.10326900444, 130446.53765661444, 91723.49195510667, 133408.1169692485, 115789.98341967945, 108815.35992196592, 109071.79388122141, 178456.40075276518, 96527.10708462584, 90108.31966495744, 125876.14964570451, 122470.26553976946, 105690.28593103497, 125942.34976985693, 108350.357813418, 104839.33639733304, 142652.2149783551, 79261.6122573035, 105472.60304907296, 96840.95007619628, 113244.86944738944, 102219.56569330819, 104276.25651765382, 80862.83768209117, 118107.51406232739, 90819.89400096034, 104387.76342324156, 109448.82947387031, 119460.50669793104, 153716.0986228978, 90623.79816386866, 130517.02004742331, 93638.00708228917, 118825.40928564519, 131069.45282110063, 106933.85735680678, 89151.76221139112, 93574.35980913893, 138599.61554634513, 151600.74475170116, 128688.48477312674, 137336.41705491004, 117698.738363741, 131457.33059469162, 92660.5012183993, 109278.23418139992, 118788.72449238092, 105708.09948744494, 107851.9907595847, 107680.857183891, 76255.68208421479, 121177.24840317134, 122377.72713452688, 110602.83230083477, 112895.01635545466, 97714.1342108023, 123982.70517282354, 170332.98479917637, 150959.05434254097, 103681.4897058568, 139880.1994062929, 129201.81765057537, 107152.05628982835, 88838.90326626546, 141824.48336559418, 117738.27042117715, 114807.92608997299, 122609.6680132479, 154240.79548791767, 146765.71510156564, 135481.9530926063, 125174.94849043048, 90767.80322745486, 87975.9331699698, 127163.61986962112, 116615.61431014331, 121453.61615248793, 120413.12211323233, 129611.14063429707, 126694.50873958122, 154118.3458234795, 179161.67417780356, 100237.17245311217, 129639.01441413275, 126415.26137184809, 89974.94585164441, 139661.80746172593], "Greedy + Random (50%) Assignment": [94266.94448048048, 121271.88488245886, 130256.20511386622, 121767.02972124293, 124551.99508905914, 132568.3687595717, 134182.8385603613, 86161.26470231911, 163535.38895550327, 83431.1974134385, 107309.31677709258, 79712.44510822932, 88118.1344951278, 120468.10326900444, 130446.53765661444, 91723.49195510667, 133408.1169692485, 115789.98341967945, 108815.35992196592, 109071.79388122141, 178456.40075276518, 96527.10708462584, 90108.31966495744, 125876.14964570451, 122470.26553976946, 105690.28593103497, 125942.34976985693, 108350.357813418, 104839.33639733304, 142652.2149783551, 79261.6122573035, 105472.60304907296, 96840.95007619628, 113244.86944738944, 102219.56569330819, 104276.25651765382, 80862.83768209117, 118107.51406232739, 90819.89400096034, 104387.76342324156, 109448.82947387031, 119460.50669793104, 153716.0986228978, 90623.79816386866, 130517.02004742331, 93638.00708228917, 118825.40928564519, 131069.45282110063, 106933.85735680678, 89151.76221139112, 93574.35980913893, 138599.61554634513, 151600.74475170116, 128688.48477312674, 137336.41705491004, 117698.738363741, 131457.33059469162, 92660.5012183993, 109278.23418139992, 118788.72449238092, 105708.09948744494, 107851.9907595847, 107680.857183891, 76255.68208421479, 121177.24840317134, 122377.72713452688, 110602.83230083477, 112895.01635545466, 97714.1342108023, 123982.70517282354, 170332.98479917637, 150959.05434254097, 103681.4897058568, 139880.1994062929, 129201.81765057537, 107152.05628982835, 88838.90326626546, 141824.48336559418, 117738.27042117715, 114807.92608997299, 122609.6680132479, 154240.79548791767, 146765.71510156564, 135481.9530926063, 125174.94849043048, 90767.80322745486, 87975.9331699698, 127163.61986962112, 116615.61431014331, 121453.61615248793, 120413.12211323233, 129611.14063429707, 126694.50873958122, 154118.3458234795, 179161.67417780356, 100237.17245311217, 129639.01441413275, 126415.26137184809, 89974.94585164441, 139661.80746172593],