{"UConn Greedy": [10821.070020123734], "UConn Nearest Neighbor": [10953.3604988576], "UConn Greedy + Random (25%)": [10919.393681305202], "UConn Greedy + Random (50%)": [10919.393681305202], "UConn Greedy + Random (75%)": [10919.393681305202], "Greedy": [10512.307748803809], "Nearest Neighbor": [10370.162602430859]}