{"UConn Greedy": [87873.52304511933, 75324.51064603301, 82634.9932081541, 85005.2229730967, 81278.52381715941, 91562.25468338773, 81179.93685611077, 78474.28987045502, 81585.39833018798, 83010.23770721203, 74868.28474274004, 82967.55983027474, 83491.02266637736, 97973.45996603929, 89981.7952086151, 75866.72167804655, 78903.5699781529, 87057.32536920035, 92513.20068943809, 77815.76133076545], "UConn Nearest Neighbor": [84669.95418394968, 81844.2420435211, 85784.9081924659, 86519.16548916651, 82463.26746698617, 90051.30289194608, 82065.21838261047, 85096.20927416733, 78752.58261755497, 80682.06406429585, 82241.67019607188, 84888.2577094241, 80887.57950954218, 98039.65225891653, 86273.82807465665, 76020.32023120846, 86385.10012919191, 81977.6881145709, 87825.91272717276, 84561.40695703229], "UConn Greedy + Random (25%)": [83877.11160894966, 77886.90279564456, 82481.18754611269, 85648.06286047475, 83768.83462168313, 92663.11891817459, 81288.62937615404, 82728.75520239456, 79858.10518105674, 80441.56482583625, 77003.04823219663, 83191.56297579836, 79627.08594652252, 97183.57258226993, 88895.808641125, 74456.72069453575, 83376.49726612178, 81638.3819342787, 89855.45227299193, 80681.32728070309], "UConn Greedy + Random (50%)": [83544.16220777191, 77836.60799016122, 78140.48753420648, 88306.38190283556, 83389.70935717155, 89869.33563557305, 82053.8727011777, 84441.18232768185, 78473.63999030729, 85713.86391986207, 79050.62197582901, 84626.24807832285, 83274.59235214369, 95277.5919287, 89893.30799043745, 75097.53518642909, 84836.60864278642, 82906.1383021976, 97589.41843438904, 76869.66986352408], "UConn Greedy + Random (75%)": [84873.37975546026, 81655.0895486931, 84322.72739552429, 89209.61456952905, 84310.87034063273, 94637.99795749827, 83328.47710664944, 88963.67430618475, 78334.30359698502, 87333.7595079445, 80966.87408473167, 84583.1652658195, 83528.51274907198, 103750.53234608879, 90802.08372565589, 80769.38019239163, 83138.13431898419, 88062.39594090894, 96562.34934910978, 81948.86099075811], "Greedy": [77208.75355793447, 68944.61466535016, 75050.43245370866, 77268.31191231118, 71278.47659748973, 81082.03055963383, 71701.62955220454, 71908.30883106035, 72480.42803636368, 72454.11997766765, 66746.48504410769, 75871.12585165969, 72385.34362652135, 85057.02909519963, 80033.2003486164, 66537.82036010706, 69837.52582216234, 78435.57463724633, 81550.86810910875, 69733.26962961144], "Nearest Neighbor": [72702.18135487483, 69525.1573781589, 74352.05338553159, 72981.7107757664, 72419.29627937451, 79566.90889539596, 71991.02321905158, 71337.84254098583, 70980.4169258665, 69670.37916064088, 68018.95904484746, 73211.94958808592, 70739.01977688563, 82631.95646777087, 77058.02116636325, 68133.20102824442, 70572.43823367912, 73370.96209504912, 80716.31669128666, 72778.53741537727]}