{"Greedy Assignment": [4074835.9077132605, 4763293.357353928, 4732591.926165993, 4239015.378566617, 4209890.3105170615, 4613396.959430808, 4563070.904993787, 4262328.549125662, 3889910.1842614315, 3859875.8915973715, 4321184.929916646, 4251849.087555604, 4578213.826205462, 4644044.858149059, 4315454.359546286, 4217619.329621393, 4691666.974202332, 4548897.015398414, 4631864.630543049, 4121719.299729821, 4614873.82385367, 4123077.7525224746, 4174253.9417365077, 4716368.339041757, 4309632.158021353, 4292598.977353918, 4456251.750882474, 4487780.090294484, 3948911.086093555, 4353514.283071933, 4705003.5465676235, 4208742.702684604, 4145401.428290574, 3993970.2967703384, 4179981.4428325044, 4732251.613679274, 4347262.988310129, 3768713.5397181516, 3944544.160859705, 4325406.972917402, 4722903.854244353, 4341122.835408779, 4079736.6143227736, 4027556.382186876, 3792887.6678751213, 4642278.80624379, 4651746.545824224, 4443149.303377077, 4403657.775803353, 4857503.825623236, 4444806.174071462, 4680748.167691657, 4289224.461174844, 4154338.0619759248, 4307340.844180917, 4396247.18858767, 4400922.09708133, 4745021.621132074, 4337352.712646804, 3836904.5817624805, 3912744.7487371787, 4360006.301373722, 4575288.918665646, 4787522.544869628, 3972803.3181335675, 4626660.719330317, 4081834.1171979806, 3697505.4268363486, 4796738.280291848, 4354479.82743991, 4517440.477992458, 4902137.774651529, 4490889.927887486, 4004856.421371484, 4073091.4128968953, 4138246.4448174043, 4150572.6851468305, 4015684.106600537, 4328988.490252165, 4426300.683142944, 5141742.6692049615, 4609503.732375238, 4604959.491656637, 5052490.635781152, 4480588.666515654, 4352463.180306473, 4504943.839277742, 4390576.407899815, 4561185.869634453, 4098031.823973895, 4691043.617669308, 4309373.574404008, 4312925.800775421, 4947334.315744547, 4520381.330159801, 4366771.438870951, 3987355.3639185443, 4093650.7073933333, 4320414.740685992, 3946437.468976103], "Nearest Neighbor Assignment": [5383442.042798527, 6132935.549750232, 6122935.453770309, 5616481.500596423, 5644082.233275284, 5600222.909537553, 5902034.353604227, 5517928.553351869, 5374832.397794574, 5061668.649170057, 5697956.126591992, 5500776.22266283, 5852940.336228218, 5748862.443351044, 5610574.965157696, 5637272.776674796, 5831712.90864626, 5584213.566667974, 5861041.71359737, 5445503.353237729, 5897758.367455467, 5431646.941587594, 5433405.193253123, 5989989.442959634, 5603700.992951985, 5648684.636497969, 5771823.155495403, 5711014.186220034, 5152574.079325785, 5667917.252421827, 5917773.749561676, 5400930.655151115, 5592153.959594708, 5407715.507534713, 5592426.151899807, 5893760.253840936, 5956940.928362094, 5187013.630246006, 5458381.720908333, 5436166.308238383, 5973461.4532831665, 5563815.400942884, 5399655.101503883, 5397557.1099434905, 5100774.565773451, 5852331.585842399, 5732395.523704467, 5777915.154713058, 5670831.633482203, 5998489.88249075, 5706318.410368987, 6021155.294382974, 5432712.762881564, 5481712.825062929, 5543786.954896323, 5480573.636774461, 5793040.9676631605, 6165603.422341094, 5700413.971451882, 5239073.986365276, 5196385.09745802, 5745444.892947879, 5804262.049857054, 6051414.740432417, 5443701.266628016, 6103552.573086361, 5544306.557786325, 5046196.085106907, 6138096.778753625, 5692154.454566213, 5686274.033882356, 6225564.185537122, 5747783.6212179195, 5271806.3724899795, 5312151.737189176, 5467136.616403522, 5401840.07365063, 5317702.945159538, 5583940.908818749, 5586279.929628647, 6107702.273546165, 6009611.9965243265, 5983953.116007825, 6190559.62683367, 5800967.900188702, 5665452.924395086, 5760441.1330270525, 5694719.696983252, 5850787.527773677, 5322326.885514045, 5731569.751988692, 5550126.1308853235, 5656314.480922988, 6085084.625396721, 5936613.795326476, 5697623.053201152, 5289404.7471106425, 5396608.083886277, 5542243.860191024, 5319600.091002736], "Greedy + Random (25%) Assignment": [4652158.827263708, 5436957.4218730945, 5439937.791748529, 4848539.77652625, 4844194.508522295, 4990867.621552804, 5219259.284413173, 4800252.034000302, 4557471.975397384, 4332408.358665949, 4909484.112433839, 4799829.662891033, 5165206.797935466, 5091005.598972375, 4840207.114955603, 4855471.947215149, 5170091.661749451, 4966185.533213452, 5104151.346395989, 4671039.454542482, 5189847.007038255, 4666274.053447157, 4731788.634518036, 5315014.600084662, 4764682.868410239, 4886331.149538549, 5079319.987729045, 5033548.23020066, 4477649.851378316, 4927922.77114074, 5298309.811847318, 4755670.386812898, 4905230.4992213305, 4603531.990389169, 4846554.28795021, 5316586.6405415805, 5038626.634472426, 4366811.339662727, 4646396.068308374, 4836584.802068004, 5306536.18510004, 4836301.439560692, 4621966.541971692, 4613656.942333574, 4351300.9986296585, 5170648.729465098, 5196291.099420715, 5109483.773202973, 5027840.387456303, 5376065.72095117, 5091620.318791413, 5342939.850179946, 4715611.338132469, 4786455.108516124, 4833667.252700098, 4812536.488450644, 5115510.331221277, 5397534.286734774, 4909093.822837037, 4392694.924647462, 4523891.642588795, 4984192.880210844, 5182728.353276943, 5377910.348260768, 4607543.410023316, 5282690.709112811, 4691269.147917389, 4217730.162789661, 5455585.419626944, 5026931.926966758, 4952291.269653838, 5635423.750198327, 5124719.705309193, 4581692.861386532, 4667056.193620473, 4718704.391834478, 4700862.15939051, 4613595.780067426, 4828920.6730184555, 4981427.253020402, 5504993.980220625, 5318469.977901742, 5242765.05080137, 5519707.71734564, 5137901.929967362, 4901402.837590205, 4997968.436640564, 4922346.151920735, 5131829.4311007, 4635658.212696132, 5149103.915283395, 4798897.48297086, 4829809.606226127, 5500614.9961611405, 5145659.401142767, 4930750.651450032, 4493464.883122631, 4611173.607036304, 4892721.047776959, 4556481.357561899], "Greedy + Random (50%) Assignment": [4652158.827263709, 5436957.4218730945, 5439937.791748529, 4848539.77652625, 4844194.508522295, 4990867.621552804, 5219259.284413173, 4800252.034000303, 4557471.975397384, 4332408.35866595, 4909484.112433839, 4799829.662891032, 5165206.797935466, 5091005.5989723755, 4840207.114955602, 4855471.947215148, 5170091.6617494505, 4966185.533213453, 5104151.34639599, 4671039.454542482, 5189847.007038255, 4666274.053447157, 4731788.634518036, 5315014.600084663, 4764682.868410239, 4886331.149538549, 5079319.987729045, 5033548.23020066, 4477649.851378315, 4927922.771140739, 5298309.811847318, 4755670.386812898, 4905230.49922133, 4603531.990389169, 4846554.28795021, 5316586.6405415805, 5038626.634472425, 4366811.339662727, 4646396.068308372, 4836584.802068003, 5306536.185100041, 4836301.439560691, 4621966.541971692, 4613656.942333574, 4351300.9986296585, 5170648.729465099, 5196291.099420715, 5109483.773202973, 5027840.387456303, 5376065.720951169, 5091620.318791413, 5342939.850179946, 4715611.338132467, 4786455.108516124, 4833667.252700097, 4812536.488450644, 5115510.331221278, 5397534.286734775, 4909093.822837038, 4392694.924647461, 4523891.642588795, 4984192.880210844, 5182728.353276943, 5377910.34826077, 4607543.410023316, 5282690.709112811, 4691269.14791739, 4217730.162789661, 5455585.419626946, 5026931.9269667575, 4952291.269653838, 5635423.750198326, 5124719.705309193, 4581692.861386532, 4667056.193620472, 4718704.391834478, 4700862.15939051, 4613595.780067425, 4828920.6730184555, 4981427.253020402, 5504993.980220624, 5318469.977901742, 5242765.05080137, 5519707.717345641, 5137901.929967362, 4901402.837590205, 4997968.436640564, 4922346.151920736, 5131829.4311007, 4635658.212696131, 5149103.915283395, 4798897.482970861, 4829809.606226127, 5500614.9961611405, 5145659.401142767, 4930750.651450031, 4493464.883122631, 4611173.607036305, 4892721.047776958, 4556481.357561899],