{"Greedy Assignment": [4344469.241415802, 4996471.691632862, 4454060.298615605, 4214884.920099384, 4189565.28760239, 4450764.421302297, 4401527.490313137, 4024638.361510544, 4324147.007682782, 3980379.8477986194, 4995346.444107329, 4394098.603852666, 4917474.816034562, 4109492.777851447, 4209545.174466277, 4842521.687537372, 4889449.072345353, 3753564.347493934, 4229930.311389183, 4146611.853026068, 4523726.024535274, 3819772.6183055993, 4188173.8672806956, 4488397.184070118, 4471884.258453445, 4196566.347535034, 4607543.044592615, 4321293.822835373, 4511235.564467285, 5079399.514723782, 3873588.7535313093, 4209848.380535614, 4032224.1072809594, 4011051.491666507, 3966261.889122882, 4823078.112236529, 4161745.00014018, 4193860.387868636, 4064286.2454514215, 4609315.794446965, 3740860.1809534756, 3997338.0238161203, 4910972.425383355, 4373897.914486646, 4646668.214584966, 4517531.664422058, 4003712.3502195384, 5049131.428544258, 3966301.577669527, 4152154.569604115, 3878921.092689949, 4242785.3920382615, 4359321.06565737, 4144873.91139094, 4245754.820913098, 4150158.889308362, 4553184.848401083, 3971348.911780484, 4455965.51153087, 4853927.20379382, 4504867.33343765, 4621693.233585784, 5000193.816733973, 4725244.338753123, 4200652.0453053145, 4525439.9753637565, 4009542.0688479305, 4266705.999239955, 4624887.112502405, 4700651.618214625, 4499376.359931945, 4704317.347250493, 4545510.465927416, 4345764.855362927, 4339087.234219101, 4701040.840295416, 4744621.19816665, 4166379.575315233, 4506469.449199859, 3808090.3735545822, 4604921.079779616, 4349180.488002714, 4647142.02793598, 4759164.179104674, 4816548.287280835, 4236018.403095257, 4150027.322761922, 4289836.515202218, 4557787.405236078, 4413371.8271111185, 4662426.306185668, 4746842.1286920225, 4406022.270861578, 4368220.869445345, 4469341.188619517, 4232395.435789937, 4272584.525194894, 3781181.35945953, 4116011.0989814736, 4224204.031125725], "Nearest Neighbor Assignment": [4170752.1181202703, 4757996.182894899, 4230086.295689317, 4145808.5159750343, 4121599.7042033235, 4326004.118710834, 4222223.864065222, 3869950.2013230836, 4220880.432273736, 4015959.243861595, 4489048.210443094, 4039972.6053875093, 4459884.770465056, 3976895.084053873, 4184144.947293538, 4505066.341139814, 4565442.553855504, 3994248.253636254, 4092613.6870882134, 4040607.5872811116, 4245799.97701817, 3822051.013007648, 4049820.087645518, 4356403.09591183, 4270490.534822516, 4025427.7483249833, 4349120.7937452765, 4246093.876568336, 4408287.276974546, 4617649.88057796, 3716614.8968267427, 4109805.4066529605, 3879113.849762553, 3887488.0863804235, 3959064.641937136, 4419335.772435292, 3978499.487793273, 4165780.6113954536, 4073215.2116266787, 4338075.251396092, 3914333.575120957, 3935357.109901841, 4672659.163450162, 4180246.1164744315, 4155200.020770236, 4171908.925016554, 3908559.809423908, 4522690.5903956015, 3883345.0822257553, 4296807.728696963, 3905898.4666270744, 4109525.7675983883, 4269518.9826708725, 4075103.918965996, 4258521.202882675, 4149925.9534282116, 4523999.939312808, 3857697.7608517027, 4288911.423836002, 4308749.55894192, 4279564.310809834, 4300712.144870793, 4532252.746438906, 4244729.664366282, 4102632.473640734, 4307393.516764248, 4004695.852316394, 4175223.289925735, 4386509.03428084, 4530367.190608758, 4286647.025867454, 4314169.166755809, 4372645.880065847, 4254198.262319198, 4147216.1017231178, 4382780.7207083395, 4388839.370925852, 4078182.6753307558, 4084623.841606166, 3862283.6412210823, 4290290.65054649, 4227077.172376315, 4383148.897533014, 4564417.772003602, 4515250.403812673, 4096509.711233545, 3948814.747219442, 4196609.000323815, 4209616.286250698, 4331594.422154047, 4455240.42482278, 4319799.192426544, 4196547.63549209, 4238063.515051016, 4250584.822317614, 3977923.2597390506, 4273286.552729604, 3946450.0405869074, 4080521.797786114, 4336885.391160067], "Greedy + Random (25%) Assignment": [4182059.686850052, 4976072.04611375, 4518868.399171887, 4226793.784919983, 4212636.616651017, 4427888.934004404, 4440163.962933463, 4023383.82794425, 4463833.252209359, 3994872.425567952, 4761552.187044829, 4155246.199918494, 4691613.869805217, 3979581.1996590863, 4215861.310269812, 4863133.51922169, 4878983.377040809, 3926658.1931097056, 4187238.376447971, 4118085.667037396, 4383574.877416076, 3866087.7290762537, 4186703.545175057, 4454473.630492661, 4393873.780903338, 4174306.9728370886, 4608056.495692074, 4313874.35033091, 4580080.338874442, 4898894.447648425, 3822251.2477388144, 4146916.0460587903, 3928401.1187628703, 4040784.9246147242, 3980561.862349826, 4660294.248699162, 4142972.149305332, 4289304.149779144, 4255815.631713049, 4629097.449600166, 3837032.124925537, 4053641.438257577, 4808232.307277259, 4404914.209786503, 4444228.609983125, 4342545.91405765, 4072726.9681063835, 4838595.560576156, 3923793.5774530214, 4378788.405602263, 4043318.312874834, 4116912.3677158626, 4430227.426729027, 4210257.2079843115, 4365418.596124278, 4201762.9198719505, 4831062.263169734, 3848184.667513386, 4441326.796091068, 4558751.22607978, 4442250.108263614, 4530051.603652544, 4886233.650256787, 4511504.28218029, 4244282.971350132, 4548203.827612363, 3887658.8848141525, 4356975.980770761, 4621123.115052576, 4722573.986021087, 4557570.902947276, 4562073.308042671, 4656009.216219292, 4377613.763033593, 4342490.82626351, 4558395.261391997, 4533235.861924456, 4155814.737907567, 4440740.446225503, 3938656.6340583414, 4471252.768973649, 4394172.354426421, 4602157.110735553, 4790794.9471204, 4738734.480258123, 4315698.176203261, 4076447.611721865, 4428257.167035541, 4497835.952875061, 4513468.021733743, 4615043.783846241, 4489300.332486342, 4614547.862459642, 4393326.493089481, 4379791.77592266, 4064792.205817133, 4332871.430241446, 4033402.678222081, 4278138.006223172, 4292283.677241804], "Greedy + Random (50%) Assignment": [4182059.686850052, 4976072.046113748, 4518868.399171887, 4226793.784919984, 4212636.616651017, 4427888.934004404, 4440163.962933462, 4023383.827944249, 4463833.252209359, 3994872.425567952, 4761552.187044828, 4155246.1999184946, 4691613.869805217, 3979581.1996590863, 4215861.310269812, 4863133.51922169, 4878983.377040809, 3926658.1931097056, 4187238.37644797, 4118085.667037397, 4383574.877416076, 3866087.729076254, 4186703.545175057, 4454473.630492661, 4393873.780903339, 4174306.9728370877, 4608056.495692074, 4313874.35033091, 4580080.3388744425, 4898894.447648425, 3822251.247738815, 4146916.04605879, 3928401.1187628694, 4040784.9246147242, 3980561.862349826, 4660294.248699162, 4142972.1493053325, 4289304.149779144, 4255815.631713048, 4629097.449600166, 3837032.1249255366, 4053641.438257578, 4808232.3072772585, 4404914.209786503, 4444228.609983125, 4342545.91405765, 4072726.9681063835, 4838595.560576158, 3923793.5774530214, 4378788.405602263, 4043318.312874834, 4116912.367715863, 4430227.426729027, 4210257.2079843115, 4365418.596124277, 4201762.9198719505, 4831062.263169734, 3848184.6675133854, 4441326.796091068, 4558751.22607978, 4442250.108263614, 4530051.603652544, 4886233.650256787, 4511504.282180291, 4244282.971350132, 4548203.827612363, 3887658.884814152, 4356975.980770761, 4621123.115052576, 4722573.986021087, 4557570.902947276, 4562073.308042671, 4656009.216219292, 4377613.763033593, 4342490.826263509, 4558395.261391997, 4533235.861924456, 4155814.7379075675, 4440740.446225503, 3938656.6340583414, 4471252.768973649, 4394172.35442642, 4602157.110735554, 4790794.947120399, 4738734.480258123, 4315698.17620326, 4076447.6117218654, 4428257.1670355415, 4497835.952875061, 4513468.021733744, 4615043.7838462405, 4489300.332486342, 4614547.862459642, 4393326.49308948, 4379791.775922662, 4064792.205817133, 4332871.430241447, 4033402.678222081, 4278138.006223171, 4292283.677241804],