{"UConn Greedy": [25.642433994486222, 25.98848185996676, 25.041832403113276, 24.830814364546832, 27.036213002478195, 27.16846612100827, 22.292302869905402, 23.43327497397483, 23.813723194632665, 27.08103356653608, 21.291680605086114, 25.193133653345818, 27.356576179288478, 26.803521922114317, 24.21753727504365, 26.267533467070486, 25.26941630678863, 27.538886958090092, 25.253770605591228, 25.81462992677467], "UConn Nearest Neighbor": [24.27289558144811, 27.89435730029616, 25.749465884093073, 25.18700800677604, 27.33687772256965, 26.561716278740164, 22.491048230501697, 25.18830181384857, 22.751992731097538, 26.15250411575099, 23.28087773592383, 25.28771409822916, 26.260606941075654, 26.816507374121894, 23.1498640447493, 26.038650296510788, 27.546082988360798, 25.801115653127663, 23.719066471692987, 28.140699716463388], "UConn Greedy + Random (25%)": [24.430947462505586, 27.09055081653623, 24.887868249832536, 24.794238578331168, 27.75989205295293, 27.502912503067332, 22.20730886886444, 24.576786815829927, 23.191628880078664, 26.212997504652108, 21.692082249412437, 25.19955196638433, 25.720767550494163, 26.566284645827437, 23.93916680160512, 25.61770895367697, 26.636449868439723, 25.699167110989222, 24.358686389299805, 26.932182277080948], "UConn Greedy + Random (50%)": [24.189805596725698, 27.06231667821729, 23.609723097236326, 25.649812775016446, 27.975990646989914, 26.461635544096385, 22.304722142990176, 25.289051577657162, 22.788034966896436, 27.83111307333515, 22.27749217903957, 25.585911947150137, 27.511958113913693, 26.11201437031589, 23.868585780544507, 26.06283380259486, 27.141092967324244, 26.157970925874462, 26.477770632742615, 25.460844049230573], "UConn Greedy + Random (75%)": [24.544460140166898, 28.019335119157393, 25.281659847365873, 25.96398090785569, 27.89017176228758, 27.810285397779076, 22.503640368438685, 26.516500270332607, 22.790506176808663, 28.55401003904635, 22.75568958710342, 25.53136650654061, 27.219784359574284, 28.506414760626253, 24.32477906944857, 28.16605760971993, 26.062432866046848, 27.86861537141335, 26.380562001754164, 26.939941366536154], "Greedy": [22.597687648850556, 23.915676401784374, 22.80260959027102, 22.620522853698077, 23.753156531281885, 24.09007956473069, 19.701859434184854, 21.625464911283807, 21.145999662840488, 23.66446686219184, 19.02238144600589, 23.118562808810466, 23.79757897470099, 23.27674412708485, 21.579614114988424, 23.103859266629943, 22.391210905689803, 24.89795582382858, 22.23741621680669, 23.150126011734315], "Nearest Neighbor": [21.238705843147514, 24.22460612885931, 22.68413331515587, 21.342956435910985, 24.164977490028203, 23.6817463817575, 19.825039174205834, 21.400851202725743, 20.741643453339734, 22.729413961755355, 19.41405735364005, 22.27974656238721, 23.1647687531052, 22.612411781133478, 20.841654188961208, 23.747140205066312, 22.755686269884425, 23.214048185484412, 22.039009200445605, 24.27005778902147]}