{"Greedy Assignment": [27.948760795258618, 29.955708232749465, 30.17487204790972, 28.783566645135306, 29.051437380752645, 29.77807272990652, 29.217830557718862, 29.062087887068877, 27.76892229873139, 28.14148523391487, 29.030247468102523, 28.880014898029042, 29.767516660935705, 29.941954720726955, 29.14383737593524, 28.895139085904553, 30.199749094184405, 29.498303091540656, 29.808562504855377, 28.561775349053807, 29.924364918830538, 28.42849558053311, 28.69031474076989, 30.77425962816912, 28.958185606306607, 28.87813738377601, 29.474672101079506, 29.44780403012887, 27.67218609665246, 28.92495791709474, 29.725860196834013, 29.131617774391998, 28.29526616831464, 28.156046572486133, 29.183194321187692, 30.132944093689694, 29.979574213228016, 27.819208051695984, 28.220157338208615, 28.624234176598083, 29.878117493353432, 28.442658859969885, 27.95848865279923, 28.747930364439593, 27.344209872268145, 30.352655924737576, 30.2041397049802, 29.507912279864826, 28.70493918053527, 30.992597958087874, 28.982533863199613, 29.948013843036932, 29.504483385309715, 28.47188762640163, 28.87576861076905, 29.377263585544846, 28.99228684821366, 30.53584599161851, 29.508272184902246, 27.40191459554494, 28.088997433852363, 29.177685523231304, 29.746176148716877, 29.874810412848653, 28.221541196603074, 30.95742554795782, 28.547148111134277, 27.010210166670515, 30.052729638813123, 29.369115169926165, 29.904552006865323, 30.296858107754037, 29.545443287548643, 28.3291861386528, 28.391095709279178, 28.41119403072086, 28.196625767028518, 28.464863410404025, 28.880701290348913, 28.561933797362194, 30.73859191738145, 30.03290030458761, 30.209278321114432, 31.789726563090436, 29.980983197127358, 29.154047346679466, 29.656538883348126, 29.30738650922217, 29.609961760006836, 28.309480280329097, 30.23283961033578, 29.43182521067349, 29.09074576228135, 30.253216225250934, 29.329237592272705, 28.97121533229818, 28.49229969053974, 28.814641451361997, 28.854789705891744, 27.139874974904625], "Nearest Neighbor Assignment": [37.055101223586455, 38.540312292603026, 39.121715934083, 38.03573081952226, 38.900269128052585, 36.16975591814112, 37.737918429677514, 37.66986370844863, 38.52733799226671, 37.01269425031868, 38.36442513901847, 37.31402370910449, 38.26349279551656, 36.96842901596149, 37.79271412351447, 38.57055736671121, 37.57331322410278, 36.25103618691891, 37.87796672685117, 37.90923502704372, 38.350107395342114, 37.4785905884443, 37.39226510774627, 39.12193171644534, 37.738816089417, 38.11649911230066, 38.45835223564277, 37.75835186203055, 36.059725780636384, 37.82078334035396, 37.26956522304982, 37.534801970280014, 38.22256715486681, 38.10674815286185, 39.213469115720216, 37.40251865151487, 41.150946377875115, 38.47406844512462, 39.26224338361273, 36.223983471608165, 37.88262352154301, 36.40610434934051, 36.92894056982938, 38.76132906570514, 36.798235108295344, 38.22417995043032, 37.402500486085195, 38.35105334866787, 36.847127909738454, 38.329179083945704, 37.41723003592939, 38.52919973039968, 37.36675730619554, 37.596774524598125, 37.203031297616796, 36.59536831867669, 38.23678434034218, 39.889859850904095, 38.82259305525922, 37.50778215052662, 37.25075608081565, 38.511167166940425, 37.78162664724745, 37.931967207815745, 38.772626290614156, 41.00249948919475, 38.92077371066248, 36.8514892385047, 38.48416436811026, 38.61635178288575, 37.73189132108196, 38.61458520327942, 37.9520380147984, 37.440547409737505, 37.04085659630907, 37.68205272332847, 36.65027025441087, 37.74797355623116, 37.25580814093523, 36.11681473576407, 36.628032993093534, 39.2729148224044, 39.26991310450784, 39.035410595104864, 38.6985085716538, 37.9837863418915, 38.12126502237647, 38.24573369885648, 37.999056184919894, 36.91997361499726, 37.22665293372518, 37.81823574962314, 38.19444798761363, 37.41658580749974, 38.60609836369225, 37.77330613676669, 37.88969723900841, 38.14329592263854, 37.10672962382438, 36.63395597954762], "Greedy + Random (25%) Assignment": [31.89891757631733, 34.00720081286661, 34.72183464691795, 32.851459479272954, 33.32502092800577, 31.941697120397663, 33.534751444638616, 32.8815569780934, 32.54092676768258, 31.599496916485595, 32.87428079098484, 32.67687974485708, 33.714086320518916, 32.90541926289412, 32.57098126339097, 33.30166579663834, 33.10327722025444, 32.148130218841786, 32.658959827086136, 32.23182041527776, 33.5153738463113, 32.07226468447838, 32.49294481218941, 34.69861634321588, 31.745747787203538, 32.985319517994384, 33.6052944457249, 33.27939176677025, 31.09931664899607, 32.822223276793686, 33.71956250191608, 32.750592147654146, 33.72011522264916, 32.435760262566866, 33.96639933894118, 33.69255000803861, 34.64743296532448, 31.804540572278313, 33.2016319282399, 31.988304699035883, 33.56568778459142, 31.468691291037736, 31.57523474933793, 32.86371703292499, 31.25781190708296, 33.84904513376668, 33.820852915840476, 34.12790002372755, 32.927414095778204, 34.239618060414045, 33.09889286499944, 34.17501336103355, 32.120483826685074, 32.85507898170815, 32.275399756566074, 31.98262096066564, 33.9561301572936, 34.65678341239081, 33.33267718052381, 31.141862518727162, 32.45518251683736, 33.37606653525264, 33.749215174491475, 33.56344452533712, 32.95608245885581, 35.182304235385104, 32.646477071836635, 30.631353724212154, 33.942299258190005, 34.09903626901384, 32.574715030018616, 34.80431126266419, 33.70129561768817, 32.27609304067946, 32.743871447967095, 32.542125377179204, 31.848134654786158, 32.66923062843266, 32.412515129727964, 32.090399067543665, 32.91266306691906, 34.898294865797695, 34.082169698346505, 34.686264524155014, 34.57335100990115, 32.63710211007814, 32.41246808165509, 32.80762618244096, 33.03979109904519, 32.07534195402057, 33.11145061343869, 32.71687552808614, 32.52384134582662, 33.69535311110586, 33.16874039802822, 32.6500250924177, 32.02939350700835, 32.49306718572822, 32.68188834670947, 31.186299271630237], "Greedy + Random (50%) Assignment": [31.898917576317338, 34.00720081286662, 34.72183464691795, 32.85145947927296, 33.32502092800578, 31.941697120397656, 33.534751444638616, 32.8815569780934, 32.54092676768258, 31.599496916485595, 32.87428079098484, 32.67687974485708, 33.714086320518916, 32.90541926289413, 32.57098126339097, 33.30166579663834, 33.103277220254455, 32.148130218841786, 32.65895982708613, 32.23182041527776, 33.515373846311306, 32.072264684478384, 32.49294481218941, 34.69861634321589, 31.745747787203538, 32.98531951799439, 33.60529444572488, 33.27939176677025, 31.09931664899607, 32.82222327679368, 33.71956250191608, 32.75059214765415, 33.720115222649156, 32.435760262566866, 33.96639933894118, 33.692550008038616, 34.64743296532448, 31.804540572278313, 33.2016319282399, 31.988304699035883, 33.56568778459142, 31.468691291037736, 31.57523474933793, 32.86371703292498, 31.25781190708296, 33.84904513376668, 33.82085291584047, 34.12790002372754, 32.9274140957782, 34.23961806041405, 33.09889286499945, 34.17501336103355, 32.12048382668507, 32.85507898170814, 32.275399756566074, 31.982620960665646, 33.9561301572936, 34.65678341239081, 33.33267718052381, 31.141862518727162, 32.455182516837354, 33.37606653525264, 33.749215174491475, 33.56344452533711, 32.95608245885581, 35.182304235385104, 32.646477071836635, 30.631353724212154, 33.942299258190005, 34.09903626901384, 32.574715030018616, 34.804311262664186, 33.70129561768817, 32.27609304067946, 32.7438714479671, 32.542125377179204, 31.848134654786158, 32.66923062843266, 32.412515129727964, 32.09039906754366, 32.91266306691906, 34.898294865797695, 34.0821696983465, 34.686264524155014, 34.57335100990116, 32.63710211007813, 32.4124680816551, 32.80762618244096, 33.03979109904518, 32.07534195402057, 33.11145061343869, 32.71687552808614, 32.52384134582662, 33.69535311110586, 33.16874039802822, 32.6500250924177, 32.02939350700836, 32.493067185728215, 32.68188834670947, 31.186299271630237],