{"UConn Greedy": [8.658698622834741], "UConn Nearest Neighbor": [8.755990899846621], "UConn Greedy + Random (25%)": [8.715101819858107], "UConn Greedy + Random (50%)": [8.715101819858106], "UConn Greedy + Random (75%)": [8.715101819858107], "Greedy": [8.427861622257037], "Nearest Neighbor": [8.30775347048994]}