{"Greedy Assignment": [24.799678582862718, 28.12348174234581, 25.733910402256924, 27.972921407016507, 27.240784123090314, 25.774697701042793, 25.2466126029326, 27.580230271803508, 28.650730805507816, 25.431823838133205, 28.754332058402298, 26.589423885162056, 27.300185347488657, 27.609222618348518, 26.416409780400897, 28.97533474370767, 27.1623352902232, 24.075672646879525, 26.19028201934493, 24.844337254537475, 29.434800678298075, 22.826527602150914, 28.894596239309415, 26.713622512658354, 29.4020172561059, 24.793773500776158, 25.1070857723318, 26.06142255457248, 28.826108090014145, 26.123814324376646, 25.310674089407968, 26.455715340635397, 27.379878810487146, 24.626445359794197, 22.92981270622244, 26.6756820197946, 24.46414099781862, 24.4178983653764, 25.718746654558224, 26.779862451477065, 22.379093656403448, 24.05846013166024, 29.522144561457225, 28.382495624358747, 26.624325748681276, 25.136973737712296, 27.744240504848488, 29.701423177420082, 25.653424089296117, 23.24237545745875, 24.61786172384045, 27.86018977369209, 24.27029333581592, 26.756870354155275, 25.3010570066869, 25.431606838932456, 25.75613243549459, 24.819032798114105, 27.605587171808356, 30.988313979078743, 29.139355820590502, 26.008434400715593, 26.099049909591628, 25.47497471202368, 23.960766918135594, 27.20496609547795, 25.887339576238038, 26.25332431269348, 26.81605009890695, 26.815604391084086, 25.00040111316276, 27.551556780321484, 24.86787504289804, 26.886684523164007, 25.932463338288812, 26.38316502175711, 27.728872410704867, 26.82654805764585, 27.308438054846317, 23.872644238936118, 27.094870845971617, 24.050689440283698, 25.968050640720566, 27.672895112829696, 28.17258186451415, 26.309684279377127, 24.392499819549023, 24.280281944620018, 25.245018177689467, 28.753119639100778, 28.83491843413257, 28.10621973670711, 28.427550272332336, 27.738561210953225, 25.585434148474754, 24.05351498997874, 26.395370131223228, 26.554238641587954, 25.22249043304486, 26.440939774220368], "Nearest Neighbor Assignment": [23.824100307417332, 26.77133759792303, 24.449642797499227, 27.59288432871014, 26.87126523623703, 25.084773683721558, 24.215716724318547, 26.563564111895886, 28.065726011484173, 25.65752322149538, 25.821345612036737, 24.495146470589862, 24.724102776137364, 26.796159933912616, 26.228000992457158, 26.98385931883279, 25.334894278680885, 25.62265521564085, 25.348320581378005, 24.162405756797153, 27.61735197293342, 22.882253421564947, 27.956316904134418, 25.933374631856957, 28.120719703276972, 23.73181765317282, 23.703326256125575, 25.593446259073357, 28.24598019640631, 23.79946941411816, 24.27364691509572, 25.881983432096355, 26.41087069212319, 23.94739898897345, 22.92559865860465, 24.444245146307075, 23.35982672802915, 24.246275088008737, 25.736479399256734, 25.213208301207512, 23.401351739327602, 23.669707050814132, 28.10639433522058, 27.181948249981435, 23.786337984144826, 23.213809212622003, 27.13095934431319, 26.604319994177427, 25.11739506795074, 23.98917387899671, 24.76716875484811, 27.04823560310104, 23.772755506376363, 26.309796826987373, 25.38031223703772, 25.42419465564643, 25.637775523120155, 24.109895384737126, 26.478643201582326, 27.513891208959997, 27.76268288457114, 24.174820400259385, 23.675793536928374, 22.856816499795368, 23.42775545958881, 26.002798922510493, 25.838457659540484, 25.774189611316025, 25.4033589993024, 25.88668360065726, 23.810786372447158, 25.29537883841647, 23.89234787722229, 26.391106133630064, 24.910787514752695, 24.60266048786699, 25.66888446039631, 26.2999028096681, 24.725184035483206, 24.207549229932503, 25.281094393728345, 23.439065398567216, 24.512931593363156, 26.536326503523345, 26.387695652128638, 25.454918951376904, 23.24934587082299, 23.703269716715997, 23.310841014741378, 28.192120321269677, 27.572620289221653, 25.606690022962965, 27.079222097071113, 26.957997128625106, 24.323754568106555, 22.604464107713795, 26.364486161335833, 27.601427321996454, 24.996968980313454, 27.13987608809408], "Greedy + Random (25%) Assignment": [23.8250974019894, 27.990938315603508, 25.999039232684957, 28.054794155295916, 27.294989253458073, 25.571527722128426, 25.368918057320506, 27.60035852313023, 29.59563843880278, 25.502890815459054, 27.323143692970394, 25.141650606751817, 26.01631841520423, 26.650299101709816, 26.269060232738973, 29.073536121451355, 26.994669897793813, 25.237938094017103, 25.841203676159942, 24.60259222776191, 28.30759636012193, 23.05041731784238, 29.109732465485582, 26.402085336454995, 28.902238196340523, 24.592391901371904, 25.041937650694926, 25.955844543587666, 29.322898740759495, 25.094846615357778, 25.040153775186738, 26.09693722058007, 26.630471497468232, 24.782225727542226, 22.98375128387264, 25.73693780994792, 24.311991817350766, 24.994797761874462, 26.94441896910925, 26.905963778502507, 22.85752908516697, 24.284436660524058, 28.9794870788378, 28.684808231329914, 25.364878895898627, 24.156246555257766, 28.234458554944315, 28.3541377593234, 25.320156005542223, 24.52692186094225, 25.67397233874009, 26.9102542130937, 24.54087256143178, 27.208890975686348, 25.898864272535754, 25.7735344402713, 27.287775577725903, 24.0072941158443, 27.476191806816296, 29.05910632395039, 28.85873364031503, 25.41846219388814, 25.49755446554986, 24.288494796733264, 24.1694145034291, 27.353849286467245, 25.042520324646713, 26.805501814255518, 26.783414942173003, 26.837877243601184, 25.286469270197113, 26.639701120133317, 25.42357128118866, 27.044068880525707, 25.965106172292945, 25.54384374423502, 26.50353551682041, 26.64216303662376, 26.82654926341875, 24.57502642979831, 26.264358297741513, 24.16811350001027, 25.665788924214105, 27.80661681266593, 27.645053184060686, 26.80550841449956, 23.959682019246713, 24.910227907703167, 24.86597315739803, 29.343095694910524, 28.51877821852552, 26.489601169924136, 29.711549954341688, 27.85625712490082, 24.960129637168976, 23.01309300745165, 26.741959967374243, 28.247909212306155, 26.191027732623002, 26.749479249234746], "Greedy + Random (50%) Assignment": [23.825097401989392, 27.990938315603508, 25.999039232684957, 28.054794155295912, 27.294989253458073, 25.571527722128426, 25.368918057320506, 27.60035852313022, 29.595638438802787, 25.502890815459057, 27.323143692970394, 25.141650606751817, 26.01631841520423, 26.650299101709816, 26.269060232738973, 29.073536121451347, 26.994669897793806, 25.237938094017103, 25.84120367615995, 24.602592227761914, 28.30759636012193, 23.050417317842385, 29.109732465485582, 26.402085336454995, 28.902238196340534, 24.59239190137191, 25.041937650694926, 25.955844543587666, 29.322898740759495, 25.094846615357778, 25.040153775186738, 26.096937220580077, 26.630471497468232, 24.782225727542222, 22.983751283872635, 25.736937809947925, 24.311991817350766, 24.994797761874462, 26.94441896910925, 26.905963778502507, 22.857529085166973, 24.284436660524058, 28.9794870788378, 28.684808231329917, 25.364878895898627, 24.156246555257766, 28.234458554944315, 28.354137759323397, 25.320156005542223, 24.526921860942245, 25.67397233874009, 26.910254213093697, 24.540872561431783, 27.208890975686348, 25.898864272535754, 25.7735344402713, 27.287775577725903, 24.007294115844296, 27.476191806816296, 29.05910632395039, 28.85873364031503, 25.41846219388814, 25.49755446554986, 24.288494796733254, 24.169414503429103, 27.353849286467238, 25.042520324646713, 26.805501814255525, 26.783414942173003, 26.837877243601177, 25.286469270197113, 26.639701120133317, 25.423571281188657, 27.044068880525707, 25.965106172292945, 25.54384374423502, 26.50353551682041, 26.642163036623753, 26.82654926341875, 24.57502642979831, 26.264358297741506, 24.16811350001027, 25.665788924214098, 27.80661681266593, 27.64505318406068, 26.805508414499553, 23.959682019246717, 24.910227907703167, 24.865973157398027, 29.343095694910517, 28.518778218525522, 26.48960116992413, 29.711549954341688, 27.85625712490082, 24.960129637168983, 23.013093007451648, 26.741959967374243, 28.247909212306155, 26.191027732623002, 26.749479249234746],