{"Greedy Assignment": [16418.14395814166, 9921.758614052145, 9800.418203274317, 11881.83715827535, 6661.860609679446], "Nearest Neighbor Assignment": [36490.846257330704, 17824.38315175658, 22056.90728923919, 26043.16494959953, 8490.73802280279], "Greedy + Random (25%) Assignment": [21501.94699903829, 11293.500951157625, 12721.571341847388, 13212.369980550968, 7711.753492448487], "Greedy + Random (50%) Assignment": [21501.94699903829, 11293.500951157625, 12721.571341847388, 13212.369980550968, 7711.753492448487], "Greedy + Random (75%) Assignment": [21501.94699903829, 11293.500951157625, 12721.571341847388, 13212.369980550968, 7870.971160322095], "Transfers and Swaps Greedy": [16433.87257711133, 9895.74374246689, 10487.901658700475, 12069.201499413153, 6594.82342971145], "Transfers and Swaps Nearest Neighbor": [34851.65846948694, 14645.159904822234, 17024.95628721386, 21499.16047884049, 7969.351765689287]}