{"Greedy Assignment": [12071.967439567557, 12720.653772201946, 12034.536336372525, 13489.961704904437, 12559.669286562752, 13199.930068914688, 12096.505925724527, 13124.941270324853, 12752.07099794917, 12588.147150086506, 13021.287558226604, 10710.472158060531, 15474.101922500467, 12363.384441067017, 12432.370240699358, 14345.367641769353, 11621.736530744301, 14230.583697755845, 14271.053843110032, 13092.845967219371, 13323.827235084329, 14919.272931151752, 11573.994205498042, 12681.63438181384, 13598.131521324754], "Nearest Neighbor Assignment": [25381.225910464673, 23876.705327742755, 22944.13807296225, 27842.68999214969, 21694.859765828765, 24192.97946382338, 20965.55339969363, 22416.368019500584, 26171.54220793692, 23196.010977422477, 26173.36965511008, 18732.118112720367, 33483.46198741765, 25586.569461679323, 26063.098224523623, 28437.50988469598, 24360.709866258192, 31159.590700878347, 26721.535746767982, 24747.677009906904, 28809.145623096352, 29038.240643582314, 21095.577506462803, 22002.000016490398, 27224.76893919171], "Greedy + Random (25%) Assignment": [14042.094032137025, 14672.61058565495, 13801.382829172566, 15605.868777026943, 14294.570259880153, 15365.072936858338, 14131.326201334112, 15240.041789039378, 14802.7418090522, 14035.108891818312, 15118.828443956954, 12209.572688685525, 18150.320909625734, 14115.136484238043, 14346.011842368127, 16844.74846194005, 13232.723149051182, 16404.95865248011, 16439.431387800585, 14569.331243702592, 15542.308642825188, 17173.534155037152, 13297.663487968914, 14420.337531014282, 15569.648028872176], "Greedy + Random (50%) Assignment": [14042.094032137024, 14672.61058565495, 13801.38282917257, 15605.868777026943, 14294.570259880153, 15365.072936858338, 14131.326201334112, 15240.041789039382, 14802.7418090522, 14035.108891818312, 15118.82844395695, 12209.572688685526, 18150.320909625734, 14115.136484238043, 14346.011842368127, 16844.74846194005, 13232.723149051182, 16404.958652480105, 16439.431387800585, 14569.331243702589, 15542.308642825188, 17173.53415503715, 13297.663487968914, 14420.337531014278, 15569.648028872174], "Greedy + Random (75%) Assignment": [14042.094032137025, 14672.61058565495, 13801.38282917257, 15605.868777026943, 14294.570259880154, 15365.072936858338, 14131.326201334112, 15240.041789039378, 14802.7418090522, 14035.108891818314, 15118.82844395695, 12209.572688685526, 18150.32090962573, 14115.136484238043, 14346.011842368127, 16844.74846194005, 13232.723149051186, 16404.958652480105, 16439.43138780059, 14569.331243702589, 15542.308642825188, 17173.53415503715, 13297.663487968917, 14420.337531014282, 15569.64802887218], "Transfers and Swaps Greedy": [12275.445789001164, 12738.777642345576, 12141.866541849206, 13507.840791707602, 12501.088713725687, 13147.184421002486, 11902.886076104283, 12920.008994320922, 12785.809382632999, 12468.687247119293, 13217.20924931464, 10541.272440346054, 15470.020776440468, 12448.349980589292, 12491.818593530406, 14223.4739037679, 11846.99588929674, 14300.970082794349, 14114.353734111584, 13290.0625905624, 13425.358515761123, 15079.313758983186, 11516.496032633604, 12495.264309833012, 13558.27443741145], "Transfers and Swaps Nearest Neighbor": [15049.80712573518, 14760.938677621674, 15564.951663153659, 16830.660587508486, 16597.150103855343, 17355.23132029429, 13801.406828354022, 16048.659088037795, 15554.771968015906, 15229.199722749112, 16591.866626769337, 12044.682774038269, 20606.94075209459, 16059.828733314027, 15577.105677705671, 17704.318707874067, 13950.556926576915, 18594.621402228346, 16754.836121764707, 16166.634924170872, 17128.489325834737, 17891.54113048127, 13683.80431531541, 15281.577723388127, 15748.273842575223]}