{"Greedy Assignment": [244.28699629083334, 302.8930915263889, 219.85907941777776, 484.3608042830555, 312.2414820606944, 298.62701427361105, 483.7515762581943, 247.35140555972217, 259.44382057527775, 252.02003856541668, 291.46011097750005, 264.9100780319444, 264.4362839893055, 314.5927760352778, 337.28267147527765, 213.16114237125004, 261.7547978190278, 248.38369404097224, 297.12605680638893, 256.4229723151389, 267.7704121179167, 254.45137554027778, 296.9481485011112, 357.7221962844444, 287.1370152220833], "Nearest Neighbor Assignment": [130.316840775, 167.70921045125004, 109.13951602138891, 360.8926425416667, 190.1821433740278, 168.35451563222222, 305.13679999777776, 131.92318929888887, 144.08500104555554, 121.85332489986111, 167.54621039388888, 160.57444562902776, 143.77498435736112, 196.11160891291667, 194.04244544833335, 101.2723706811111, 122.08891195777775, 127.31283005430555, 143.46025733902778, 141.98684959458336, 136.56289447875002, 145.3487984738889, 200.37669621055554, 216.99835192152779, 157.34944695375003], "Greedy + Random (25%) Assignment": [251.57451944930563, 288.41844574375, 243.37753249222223, 469.9566434688889, 347.87684304125, 286.8136217909722, 421.6561501206944, 268.2557828280556, 263.5772449483333, 263.74822235194443, 306.34236336500004, 285.99520527013885, 261.7846463758333, 308.3728631513889, 311.92560747847216, 227.78252836847219, 254.26728467055554, 241.65604651833337, 323.8783220416666, 290.8493074613889, 278.11386690305557, 264.6194545794445, 294.7996102897223, 351.4197036748611, 285.0883051770833], "Greedy + Random (50%) Assignment": [287.21854293097226, 333.4553792748611, 294.78230363208337, 519.5820644749999, 407.0332016809722, 347.3278699584722, 499.91132270097205, 279.6183068145834, 298.82599587000004, 274.9559945468056, 341.6246284994444, 309.26951784222217, 302.33178152569445, 349.20830695999996, 388.51952844138884, 253.3305920205555, 291.6877427681944, 304.2612632668056, 356.9660513808334, 300.1563837279167, 315.38820382013887, 291.4971013916668, 323.27877356208336, 401.4686799056944, 306.93216642013897], "Greedy + Random (75%) Assignment": [302.5419617725, 320.0895804283333, 286.24676857083335, 530.8639830861109, 388.5198844394445, 336.9380597856944, 520.0590109029165, 288.2221225395833, 300.0432265170833, 276.4827881140278, 335.05481339722223, 314.6181940586111, 283.2302761990278, 355.19968345125005, 399.6825921684721, 275.7192582411111, 295.9023827391667, 289.68482212819447, 352.95287358305563, 299.77228298805545, 302.5267460169445, 293.1277545806944, 348.36675579944455, 413.9207796619444, 300.7871190411111], "Transfers and Swaps Greedy": [148.2967047940278, 196.0790187484722, 129.33903894583332, 374.9198514209721, 204.1342525477778, 179.48615900180556, 339.7728137355555, 145.64750899611113, 153.24689250847223, 142.1172573276389, 178.75395692291667, 157.93286208777772, 147.93626827958335, 199.19897668791668, 216.9418658043055, 110.93584423250002, 134.59283203208335, 132.17725160999998, 172.16887205138886, 150.61747254416667, 142.8260228625, 165.40107125763888, 185.43311140194447, 240.9329739806945, 154.89054997875002], "Transfers and Swaps Nearest Neighbor": [117.92855013874998, 156.95789225166664, 101.67338568375001, 325.27658600347223, 162.49269581333334, 139.62328279597222, 291.7643330448611, 107.93085259402778, 128.07949313416665, 114.38951921402779, 153.76144173819446, 134.03678066263888, 125.75628012944443, 174.8108038423611, 188.92316227375, 89.53158456902779, 105.22845034083335, 108.1970529636111, 120.18383093458333, 130.0373398776389, 111.1971470136111, 137.8800097555556, 150.45765582208335, 204.45598912638889, 126.61582997541669]}