{"num_nodes": 20, "edges": [[0, 1, 5.675703051727951], [0, 2, 3.357469539056746], [0, 3, 5.9119830338889185], [0, 4, 4.432572874074618], [0, 5, 3.149343075466144], [0, 6, 7.0461346040710895], [0, 7, 4.071038533805309], [0, 8, 3.697544967967304], [0, 9, 3.1197672293402725], [0, 10, 7.882654419540432], [0, 11, 3.0745035178899345], [0, 12, 4.764254980968468], [0, 13, 4.265215130155281], [0, 14, 7.406635638473423], [0, 15, 4.192348445736976], [0, 16, 6.088515417721771], [0, 17, 8.215019874106257], [0, 18, 4.571962540676], [0, 19, 6.3003885452638535], [1, 0, 2.955030020169949], [1, 2, 3.3844792807234123], [1, 3, 5.870972400555585], [1, 4, 4.3821604796301745], [1, 5, 3.111612975466144], [1, 6, 7.007045556848867], [1, 7, 4.033149708805309], [1, 8, 3.6471325735228595], [1, 9, 3.077696840451383], [1, 10, 7.846888669540433], [1, 11, 3.05253632344549], [1, 12, 4.725111769857356], [1, 13, 4.227485030155281], [1, 14, 7.432829410695645], [1, 15, 4.246775134625865], [1, 16, 6.038103023277326], [1, 17, 8.17294948521737], [1, 18, 4.529605085120445], [1, 19, 6.229660431374965], [2, 0, 2.9490937285032826], [2, 1, 5.6967765017279515], [2, 3, 5.869263150555586], [2, 4, 4.429570854630175], [2, 5, 3.104198375466144], [2, 6, 7.003531195737756], [2, 7, 4.030959653249753], [2, 8, 3.694542948522859], [2, 9, 3.0796883487847166], [2, 10, 7.837509719540432], [2, 11, 3.061763220667712], [2, 12, 4.724176100412912], [2, 13, 4.220070430155281], [2, 14, 7.342289991251201], [2, 15, 4.237785070736976], [2, 16, 6.066824528832882], [2, 17, 8.174940993550702], [2, 18, 4.544642129564889], [2, 19, 6.321979309152743], [3, 0, 3.0472268896143935], [3, 1, 5.726889287839063], [3, 2, 3.4128828168345233], [3, 4, 4.3791500712968405], [3, 5, 3.006036664355033], [3, 6, 6.915382176293312], [3, 7, 4.0168295893608645], [3, 8, 3.644122165189526], [3, 9, 2.9940994515624944], [3, 10, 7.765841705651543], [3, 11, 3.098208690112157], [3, 12, 4.692209639301801], [3, 13, 4.127487510710837], [3, 14, 7.420875010695646], [3, 15, 4.3389720040703095], [3, 16, 5.984634139943993], [3, 17, 8.061652543550702], [3, 18, 4.523181262898222], [3, 19, 6.333047620263854], [4, 0, 3.067606878503282], [4, 1, 5.73786751561684], [4, 2, 3.4729806696123013], [4, 3, 5.87894022000003], [4, 5, 3.1369211254661438], [4, 6, 7.033563387404423], [4, 7, 4.085339931027531], [4, 8, 3.511112926300637], [4, 9, 3.054365518229161], [4, 10, 7.896917602873766], [4, 11, 3.1269670095566013], [4, 12, 4.7650089254129115], [4, 13, 4.2585634079330585], [4, 14, 7.518632330140091], [4, 15, 4.359351992959199], [4, 16, 6.012260767721771], [4, 17, 8.14968825743959], [4, 18, 4.565982482342667], [4, 19, 6.344025848041632], [5, 0, 3.0789964285032823], [5, 1, 5.761939360061285], [5, 2, 3.442227539056746], [5, 3, 5.800446161666697], [5, 4, 4.431540474074619], [5, 6, 6.954166934626645], [5, 7, 4.048522058805309], [5, 8, 3.6965125679673037], [5, 9, 3.040892654340272], [5, 10, 7.718979380651544], [5, 11, 3.13053832344549], [5, 12, 4.726837267079579], [5, 13, 4.0779089218219475], [5, 14, 7.445968719028979], [5, 15, 4.370741542959198], [5, 16, 6.031427342721771], [5, 17, 8.080649001884035], [5, 18, 4.5578536878982225], [5, 19, 6.368828211930521], [6, 0, 3.0324217007255045], [6, 1, 5.714005685061284], [6, 2, 3.398194102945635], [6, 3, 5.766425417222252], [6, 4, 4.3848164796301745], [6, 5, 3.010800678243922], [6, 7, 4.002024400471976], [6, 8, 3.6497885735228595], [6, 9, 3.0045366765624943], [6, 10, 7.763776077873766], [6, 11, 3.083403501223268], [6, 12, 4.678273072635134], [6, 13, 4.126672732933059], [6, 14, 7.406186296806757], [6, 15, 4.32416681518142], [6, 16, 5.9950713649439935], [6, 17, 8.080989965772924], [6, 18, 4.509289493453778], [6, 19, 6.3202640174860765], [7, 0, 2.992165634058838], [7, 1, 5.67494984061684], [7, 2, 3.360462564056746], [7, 3, 5.802712833888919], [7, 4, 4.371433026852396], [7, 5, 3.0399958060217], [7, 6, 6.936864404071089], [7, 8, 3.6364051207450814], [7, 9, 3.0104970293402724], [7, 10, 7.778700316762655], [7, 11, 3.043147434556601], [7, 12, 4.655032905968468], [7, 13, 4.155867860710837], [7, 14, 7.4008748718067565], [7, 15, 4.283910748514754], [7, 16, 5.997633209388438], [7, 17, 8.105749674106258], [7, 18, 4.485894974009334], [7, 19, 6.285056567486076], [8, 0, 3.070764909058838], [8, 1, 5.741025546172396], [8, 2, 3.4761387001678568], [8, 3, 5.882098250555586], [8, 4, 4.249298862963507], [8, 5, 3.1400791560216996], [8, 6, 7.036721417959979], [8, 7, 4.088497961583087], [8, 9, 3.0575235487847165], [8, 10, 7.900075633429322], [8, 11, 3.1301250401121568], [8, 12, 4.768166955968467], [8, 13, 4.261721438488614], [8, 14, 7.521790360695646], [8, 15, 4.362510023514754], [8, 16, 6.015418798277326], [8, 17, 8.152846287995146], [8, 18, 4.5691405128982225], [8, 19, 6.347183878597187], [9, 0, 3.0644040729477267], [9, 1, 5.74300671561684], [9, 2, 3.4327010029456346], [9, 3, 5.803492439444475], [9, 4, 4.363968357407952], [9, 5, 3.0558761449105885], [9, 6, 6.962886423515534], [9, 7, 4.034006772694198], [9, 8, 3.628940451300637], [9, 10, 7.81587262231821], [9, 11, 3.11538587344549], [9, 12, 4.708841250412911], [9, 13, 4.177518427377503], [9, 14, 7.456602107917868], [9, 15, 4.356149187403643], [9, 16, 5.928277170499548], [9, 17, 8.049621532439591], [9, 18, 4.5392986906760004], [9, 19, 6.349165048041631], [10, 0, 3.0638712618366157], [10, 1, 5.748778543394618], [10, 2, 3.4271023723900793], [10, 3, 5.811814692222252], [10, 4, 4.4431004407412855], [10, 5, 2.9705428699105885], [10, 6, 6.958705823515534], [10, 7, 4.038790058805309], [10, 8, 3.7080725346339705], [10, 9, 3.052452621006939], [10, 11, 3.1157987790010457], [10, 12, 4.727589250412912], [10, 13, 4.0887480079330585], [10, 14, 7.430843552362313], [10, 15, 4.355616376292532], [10, 16, 6.042987309388438], [10, 17, 8.093867729661813], [10, 18, 4.559474801787111], [10, 19, 6.358885270263854], [11, 0, 2.9530282507255046], [11, 1, 5.6517340878390625], [11, 2, 3.3486637640567456], [11, 3, 5.841489567222252], [11, 4, 4.370457737963507], [11, 5, 3.079409703243922], [11, 6, 6.9756411374044225], [11, 7, 4.000545067138642], [11, 8, 3.6354298318561926], [11, 9, 3.0492737626736055], [11, 10, 7.813106669540432], [11, 12, 4.6937615143018006], [11, 13, 4.195281757933059], [11, 14, 7.39436448014009], [11, 15, 4.244773365181421], [11, 16, 6.021164126055104], [11, 17, 8.14452640743959], [11, 18, 4.501473807342667], [11, 19, 6.2679320758194095], [12, 0, 3.0016996396143933], [12, 1, 5.683229460061284], [12, 2, 3.3699965696123013], [12, 3, 5.794410442222253], [12, 4, 4.367419579630174], [12, 5, 3.034628572688366], [12, 6, 6.929430634626645], [12, 7, 3.9713504643608646], [12, 8, 3.6323916735228594], [12, 9, 3.0016490654513834], [12, 10, 7.783817066762655], [12, 11, 3.0526814401121567], [12, 13, 4.150500627377503], [12, 14, 7.4109018023623126], [12, 15, 4.293444754070309], [12, 16, 5.988785245499549], [12, 17, 8.096901710217368], [12, 18, 4.481324968453778], [12, 19, 6.290464964708298], [13, 0, 3.0739293285032825], [13, 1, 5.756872260061284], [13, 2, 3.4371604390567456], [13, 3, 5.8009578533333634], [13, 4, 4.432243601852396], [13, 5, 2.9569697671328106], [13, 6, 6.9490998346266455], [13, 7, 4.0434549588053095], [13, 8, 3.6972156957450815], [13, 9, 3.04159578211805], [13, 10, 7.716245363984877], [13, 11, 3.12547122344549], [13, 12, 4.721770167079578], [13, 14, 7.440901619028979], [13, 15, 4.3656744429591985], [13, 16, 6.032130470499549], [13, 17, 8.081654232439591], [13, 18, 4.552786587898223], [13, 19, 6.36376111193052], [14, 0, 2.9976315257255046], [14, 1, 5.744498329505729], [14, 2, 3.3416616890567457], [14, 3, 5.876627042222252], [14, 4, 4.474594212963508], [14, 5, 3.107311253243922], [14, 6, 7.010895087404423], [14, 7, 4.070743658805309], [14, 8, 3.7395663068561924], [14, 9, 3.102961151562494], [14, 10, 7.840622597318211], [14, 11, 3.1068356345566013], [14, 12, 4.764453030968467], [14, 13, 4.223183307933059], [14, 15, 4.286322867959198], [14, 16, 6.0930210593884375], [14, 17, 8.182894362995146], [14, 18, 4.589417443453778], [14, 19,