{"Greedy Assignment": [386.52198259722235, 467.893944525, 293.72651377222223, 796.7793778277774, 601.5093615749998, 511.5593989861111, 802.6862130833332, 444.947040325, 310.5909806944445, 362.3068656416666, 430.5823360138888, 372.2381400944445, 408.2331601916667, 486.3824335722223, 506.3388027722221, 270.3953879027778, 335.56647566944446, 334.71570283055553, 420.01478414722214, 425.88880776666645, 329.85248458055565, 356.0455845111111, 477.9965029194445, 478.11896718611126, 422.92919091111116], "Nearest Neighbor Assignment": [342.31046711388893, 405.24345428611105, 186.2553527833333, 942.223442061111, 478.8541968166666, 483.5579688527776, 886.9956226027775, 469.5591020555555, 301.4557359972223, 259.6215445583333, 781.3562406888886, 591.4862069138887, 568.874409513889, 514.8994360527778, 660.0887188972222, 196.26438725555556, 279.3585963027778, 261.4438107388889, 320.9283964, 376.21174633611105, 346.23010531944453, 266.5590429638889, 1005.1157848277779, 703.5922929055556, 560.6501191250001], "Greedy + Random (25%) Assignment": [371.1368821611112, 503.45647596666674, 417.8918379, 776.7102408527776, 728.3816791888889, 561.5111793777777, 752.286661111111, 451.8693485888889, 383.1087143722223, 408.3033067583334, 504.9166012249999, 434.8680763916667, 447.14374746666664, 485.89347707222214, 616.301915325, 334.2465674583333, 421.5689295916667, 345.7418981333333, 473.83718089166666, 427.25958451388885, 442.35479441666666, 429.28213716944447, 612.3570319166668, 636.0353955055558, 491.3439287833334], "Greedy + Random (50%) Assignment": [461.8037666555556, 599.5892682694443, 504.17368543333345, 966.7143127305552, 814.9662056916666, 697.2679967972223, 903.2638901777775, 449.4879710333334, 480.79657814722214, 567.2919783472224, 577.4828453777776, 525.9947440499999, 555.1749224805554, 556.1877032999998, 599.5960025111111, 527.4065301333333, 481.2785662194443, 481.1198751333333, 538.674736936111, 561.5270051138888, 546.9099656083332, 518.9611525888889, 508.3742069916667, 701.0743444027777, 618.4304372055556], "Greedy + Random (75%) Assignment": [554.7420380388887, 645.0939962583333, 445.97711894166673, 1040.0301756694441, 749.3094963027777, 539.1417129916667, 867.1005489888889, 570.8277186916666, 531.8258078055555, 499.2762891666668, 599.6440143194445, 542.8510006250001, 513.3420491055556, 618.6825328833332, 700.3281552777778, 560.5055541527777, 502.25856552222217, 517.8106302361111, 622.6828781305555, 619.1485509999999, 518.3883490111111, 521.5168853027778, 634.7113711666667, 815.6687928611111, 501.0054017333335], "Transfers and Swaps Greedy": [150.73668737222224, 200.4031666638889, 136.71400701944447, 377.96060795277754, 238.33451599999995, 213.266912, 379.91299887499986, 183.43988800000005, 166.80270223333332, 151.0294624166667, 183.91123809444437, 159.41509566111108, 179.14202399999994, 201.93966466666672, 227.73370164444435, 112.15012280555558, 136.01263234444448, 133.98241023333333, 177.8670269083333, 161.0377503111111, 144.20218592222227, 167.75826708055558, 191.77228800000003, 244.69520783333334, 160.84244575833335], "Transfers and Swaps Nearest Neighbor": [119.95190729722222, 173.2990913611111, 103.45224760277779, 375.97153999999983, 238.33451599999995, 213.266912, 379.91299887499986, 183.43988800000005, 142.3743905222222, 135.9749526666667, 183.91123809444437, 138.16417104166663, 179.14202399999994, 201.93966466666672, 197.46021934722222, 90.55418386944444, 113.14605386666672, 111.6830477166667, 126.58671320833332, 158.95167599999994, 131.11417686111113, 150.98490799999996, 191.77228800000003, 213.28231611111113, 133.9896275638889]}