{"Greedy Assignment": [17740.784118262567, 10566.210523698981, 11388.131141520518, 13204.868045010528, 7465.896615314522], "Nearest Neighbor Assignment": [53660.08982238577, 28005.42867401179, 35480.661086361615, 38155.1710266755, 8677.453720195035], "Greedy + Random (25%) Assignment": [31058.69985162571, 14493.469596664225, 19950.98484112221, 18503.314110592855, 8245.02669071354], "Greedy + Random (50%) Assignment": [31058.69985162571, 14493.469596664225, 19950.98484112221, 18503.314110592855, 8245.02669071354], "Greedy + Random (75%) Assignment": [31058.69985162571, 14493.469596664225, 19950.98484112221, 18503.314110592855, 9492.26591992914], "Transfers and Swaps Greedy": [16448.622004627847, 9939.301744012218, 10551.005677884483, 12076.89413573493, 6606.978641329601], "Transfers and Swaps Nearest Neighbor": [34861.972130364935, 14681.147582621681, 17072.39987981968, 21662.70252941927, 8036.758861650524]}