{"Greedy Assignment": [17105.430310653133, 15517.835554022191, 20389.449075877812, 20025.492287386616, 14806.172311944309, 18976.56707595906, 15818.92158899243, 15333.258727514223, 20098.21646658643, 19137.905076307365, 20399.253672569135, 12709.294490032988, 21605.58599341501, 16603.60552495506, 17425.633603638144, 19326.37861475921, 21091.12428897513, 21318.34568527743, 22322.556062045252, 24839.000335602974, 19764.030683222816, 20201.40322887998, 16038.643343005491, 16881.00275966534, 19515.103681874283], "Nearest Neighbor Assignment": [63590.63048318826, 44516.423148430214, 74698.57092414111, 91328.82219057111, 42677.25139329821, 67133.66636807114, 52374.08864480478, 36642.20278169183, 69584.1974157651, 58930.52939822049, 93657.5190161955, 33876.338297794886, 82818.71947190509, 52644.1747906993, 67990.06166953192, 83495.66493146037, 90265.28045560152, 75580.17547020814, 61399.768824080595, 79256.06632288112, 80353.45639514971, 70444.49118991653, 57363.69586895762, 36906.403363381774, 105722.4056245927], "Greedy + Random (25%) Assignment": [23829.432475378515, 21649.854623587322, 24851.767323342836, 27963.79887600192, 20124.51805704902, 25464.153420299237, 21364.323967315282, 22001.498185882323, 26112.3172346727, 23618.126071370454, 28512.604621767347, 18495.9314675715, 29718.98716834627, 22165.118231318997, 24770.36578933379, 28192.393823626393, 26950.05640147852, 28714.452171100515, 27667.195450396117, 29269.142713828223, 26441.694474799126, 27999.731679219985, 23324.670058080195, 21856.436123137493, 27881.35505555296], "Greedy + Random (50%) Assignment": [23829.432475378515, 21649.854623587322, 24851.767323342836, 27963.79887600192, 20124.51805704902, 25464.153420299237, 21364.323967315282, 22001.498185882323, 26112.3172346727, 23618.126071370454, 28512.604621767347, 18495.9314675715, 29718.98716834627, 22165.118231318997, 24770.36578933379, 28192.393823626393, 26950.05640147852, 28714.452171100515, 27667.195450396117, 29269.142713828223, 26441.694474799126, 27999.731679219985, 23324.670058080195, 21856.436123137493, 27881.35505555296], "Greedy + Random (75%) Assignment": [23829.432475378515, 21649.854623587322, 24851.767323342836, 27963.79887600192, 20124.51805704902, 25464.153420299237, 21364.323967315282, 22001.498185882323, 26112.3172346727, 23618.126071370454, 28512.604621767347, 18495.9314675715, 29718.98716834627, 22165.118231318997, 24770.36578933379, 28192.393823626393, 26950.05640147852, 28714.452171100515, 27667.195450396117, 29269.142713828223, 26441.694474799126, 27999.731679219985, 23324.670058080195, 21856.436123137493, 27881.35505555296], "Transfers and Swaps Greedy": [12309.367306313869, 12791.759437706367, 12157.30233589787, 13524.781308792022, 12520.344583837177, 13176.977875288247, 11915.708120322326, 12951.673749438207, 12869.164484645878, 12493.462179557839, 13267.786095177291, 10556.396871305453, 15480.831469894594, 12477.92405442794, 12513.950526122737, 14242.98728569626, 13666.987458161111, 14323.401783287138, 14127.164445083488, 14542.553804929274, 13465.965608935454, 15129.99871536173, 11541.968251759725, 12506.702351106584, 13582.479873492897], "Transfers and Swaps Nearest Neighbor": [15530.51087708845, 15637.401506035998, 15636.773203014665, 18936.841271052195, 16904.352073514463, 17476.643743865465, 13930.654790611401, 16669.50674395617, 15918.270506978974, 15500.085216092943, 17006.166924962017, 12320.797929930513, 21374.866365104906, 16584.594408307574, 16323.40531743847, 18136.762359410386, 19709.423028038378, 20943.166362090167, 17583.789389805865, 17752.39497588826, 19297.9124701858, 18645.055482498905, 14018.439624481272, 15455.92955212584, 16433.00896299264]}