{"Greedy Assignment": [44232.157314684555, 41690.85307043442, 40178.37340061937, 42097.00511589571, 32869.318342795865], "Nearest Neighbor Assignment": [72287.96101337393, 144303.8627226769, 93433.52855690807, 82350.81977497783, 48512.45948111629], "Greedy + Random (25%) Assignment": [58059.456614975534, 68096.68760250781, 57754.51565628344, 53643.96334409596, 38774.76168385503], "Greedy + Random (50%) Assignment": [58059.456614975534, 68096.68760250781, 57754.51565628344, 53643.96334409596, 38774.76168385503], "Greedy + Random (75%) Assignment": [58059.456614975534, 68096.68760250781, 57754.51565628344, 53643.96334409596, 38774.76168385503], "Transfers and Swaps Greedy": [43145.34325573063, 40722.387889464946, 41228.00796872503, 42181.22629484395, 29333.52130911599], "Transfers and Swaps Nearest Neighbor": [53554.41146468214, 91785.56370632572, 62368.19251501191, 56971.9707293915, 36743.35886339611]}