{"Greedy Assignment": [173.26729091388887, 220.89327619722218, 165.6658846694444, 357.92560223888876, 245.54619398888894, 223.18513127222218, 312.8923349277779, 193.27555343055556, 187.1372187027778, 182.70040335000002, 215.23911250833333, 196.84158177499992, 199.58020703611112, 243.1500629944443, 230.95508245555558, 145.44674769444444, 194.34942424722226, 180.74479561944446, 208.48787105000008, 157.34004289722222, 194.41714111111114, 174.2889844166667, 206.81917483888887, 234.94542830555554, 199.35504717222224], "Nearest Neighbor Assignment": [37.48518213611111, 49.311156925, 47.82455366388888, 91.65079934166668, 41.98297746944445, 35.682605252777776, 82.2215124611111, 27.540282136111113, 28.416576866666666, 48.27229722222222, 30.55433228888889, 65.71058660555556, 41.38453364722223, 44.040406955555554, 67.03391012777777, 13.942928858333334, 45.3944380388889, 56.46864525, 32.045044538888895, 31.126998230555557, 54.563075491666666, 57.05688640833334, 20.04921289444444, 14.156889800000002, 36.95618691666667], "Greedy + Random (25%) Assignment": [140.54344611944447, 107.29824608611113, 133.7794642333333, 154.45943963333332, 153.13111504166667, 133.95633821666664, 219.81628538611108, 126.68875269166666, 142.4983521277778, 121.89698666944444, 108.21022406944445, 151.59569642777777, 135.723376675, 157.87041760555556, 137.08216344166667, 126.88763038611107, 129.82689315000002, 144.56384223055554, 173.36232993333334, 167.38857078333334, 120.18768300833335, 114.3670346111111, 117.82101247499999, 144.77338973055555, 149.88148415555557], "Greedy + Random (50%) Assignment": [102.41668326944446, 150.99491298055548, 97.45890054166665, 161.23050815555553, 136.9334501222222, 141.87071882499998, 179.42200126111106, 117.80870771944444, 77.43117890555553, 101.43032432499999, 152.55912494444445, 132.06348538333336, 112.10444369999996, 139.56483012222222, 178.1644959222222, 84.40908500277781, 116.64064419444446, 121.98209064722222, 85.38069250555556, 118.89544831388886, 129.25294048611107, 125.76169782777777, 146.569940675, 187.11920435555555, 146.8167463083333], "Greedy + Random (75%) Assignment": [98.87107134722221, 131.27458614999998, 109.12621970833334, 180.03927509166667, 154.39428972222225, 129.779638925, 182.51440644444446, 95.22836886388886, 87.69749375277779, 71.32879692777779, 105.63803465555557, 138.5635174916667, 97.17974373333335, 108.82878405833334, 124.86168212777775, 117.99801496388892, 118.72580982499998, 126.81399822777777, 105.35528579722222, 99.79653088333335, 122.64194053888885, 124.14939945000003, 172.1298137166667, 146.03674493888892, 144.75310591944447], "Transfers and Swaps Greedy": [147.24003705833331, 193.04548268611114, 126.03681318611112, 366.0774344472222, 200.0471826277778, 176.3218226416666, 330.43288140833334, 139.20250553888886, 149.7689437888889, 138.54761853055555, 176.87143013333332, 156.5396583333333, 141.1135660388889, 196.2996010805556, 211.76064519722215, 108.60539960555555, 132.80675053055558, 130.9534984166667, 169.83402229444445, 147.26372342499997, 140.35865343333333, 164.0655974583333, 181.9681676222222, 238.35881085000003, 153.04385638055552], "Transfers and Swaps Nearest Neighbor": [114.45410777500003, 152.55905203055556, 100.28823512777777, 302.0217398222222, 154.13220291666667, 130.1596034222222, 275.46168129166665, 100.39506170833336, 124.66935700833335, 109.81581820000002, 149.2264117138889, 130.2834321166667, 114.46321825555556, 168.7353681861111, 185.92549462222223, 88.01252769166669, 95.95890563333333, 105.89749582222223, 117.13727163333334, 123.9153541333333, 106.05904856666669, 134.6803954861111, 145.6240976027778, 194.9630596638889, 124.370028875]}