{"Greedy Assignment": [42345.855460592065, 40285.053013336066, 40172.99972757232, 40721.59670677931, 28079.478203856903], "Nearest Neighbor Assignment": [65159.14573246565, 61003.02796602062, 64882.30125048708, 54288.384398920854, 39360.87957602569], "Greedy + Random (25%) Assignment": [37830.516760706756, 29297.537732521803, 33469.45331535392, 36059.93986058546, 25043.74897552419], "Greedy + Random (50%) Assignment": [37830.516760706756, 29297.537732521803, 33469.45331535392, 36059.93986058546, 25043.74897552419], "Greedy + Random (75%) Assignment": [37830.516760706756, 29297.537732521803, 33469.45331535392, 36059.93986058546, 25043.74897552419], "Transfers and Swaps Greedy": [43090.45904300484, 40712.58174801471, 41213.73515937801, 41780.3081711725, 29332.097792822555], "Transfers and Swaps Nearest Neighbor": [53220.91132621738, 91750.36069355333, 62145.195395144605, 56304.47919147462, 36693.69856153743]}