{"Greedy Assignment": [15095.503798020754, 9277.306704405308, 8212.705265028117, 10558.80627154017, 5857.824604044369], "Nearest Neighbor Assignment": [19321.60269227564, 7643.337629501371, 8633.15349211676, 13931.158872523552, 8304.022325410548], "Greedy + Random (25%) Assignment": [11945.194146450865, 8093.532305651026, 5492.1578425725675, 7921.42585050908, 7178.480294183435], "Greedy + Random (50%) Assignment": [11945.194146450865, 8093.532305651026, 5492.1578425725675, 7921.42585050908, 7178.480294183435], "Greedy + Random (75%) Assignment": [11945.194146450865, 8093.532305651026, 5492.1578425725675, 7921.42585050908, 6249.67640071505], "Transfers and Swaps Greedy": [16419.12314959482, 9852.185740921563, 10424.797639516468, 12061.508863091374, 6582.668218093301], "Transfers and Swaps Nearest Neighbor": [34841.34480860895, 14609.172227022786, 16977.512694608038, 21335.61842826171, 7901.944669728051]}