{"Greedy Assignment": [7349.117484178767, 4761.9518330546, 10516.426663796297, 8548.79947634791, 4289.279790981451, 7660.345141558921, 5463.408019560367, 4361.013360095147, 9596.416516548441, 8573.498977917496, 10102.72083670718, 3886.673677379398, 9010.802543815884, 6972.756907771074, 7089.096093802766, 7420.8772756752005, 12246.102821129249, 10756.55609333283, 11450.652670209032, 14320.292936767572, 9515.286373420617, 7686.9203587697375, 6662.687218411034, 5989.583051809315, 8227.432158733052], "Nearest Neighbor Assignment": [53368.794950326075, 34797.859532809656, 66144.63606213593, 79197.94742036033, 32151.002258366603, 54042.45569364121, 42076.09646509048, 23803.40767132279, 61244.22345731217, 47641.37550069008, 81660.81004313799, 24761.20634809359, 72760.86395867525, 41944.655096049915, 56672.12744993804, 72018.94242375497, 84087.39413954658, 63044.59680160633, 49446.828765821876, 68975.02784701032, 64100.79717346885, 58413.53057276309, 50983.90513826977, 23651.812327288226, 94834.78831884291], "Greedy + Random (25%) Assignment": [18237.027609507615, 14038.784078952503, 17320.99771861934, 21565.891247623185, 13717.18395793458, 19322.48588426371, 15119.563203225242, 13533.957246598888, 21919.78455544561, 18053.45280176824, 21527.036907877053, 12097.254416239399, 22330.984421617868, 15665.343080692774, 18062.56872355192, 21354.470524133187, 22364.7840519136, 22331.663283414302, 20460.834804508253, 22516.322293080237, 20290.213785134307, 19190.45964962031, 17377.647629343737, 17077.701739126143, 20160.082531618806], "Greedy + Random (50%) Assignment": [18237.027609507615, 14038.784078952503, 17320.99771861934, 21565.891247623185, 13717.18395793458, 19322.48588426371, 15119.563203225242, 13533.957246598888, 21919.78455544561, 18053.45280176824, 21527.036907877053, 12097.254416239399, 22330.984421617868, 15665.343080692774, 18062.56872355192, 21354.470524133187, 22364.7840519136, 22331.663283414302, 20460.834804508253, 22516.322293080237, 20290.213785134307, 19190.45964962031, 17377.647629343737, 17077.701739126143, 20160.082531618806], "Greedy + Random (75%) Assignment": [18237.027609507615, 14038.784078952503, 17320.99771861934, 21565.891247623185, 13717.18395793458, 19322.48588426371, 15119.563203225242, 13533.957246598888, 21919.78455544561, 18053.45280176824, 21527.036907877053, 12097.254416239399, 22330.984421617868, 15665.343080692774, 18062.56872355192, 21354.470524133187, 22364.7840519136, 22331.663283414302, 20460.834804508253, 22516.322293080237, 20290.213785134307, 19190.45964962031, 17377.647629343737, 17077.701739126143, 20160.082531618806], "Transfers and Swaps Greedy": [67.57425799442353, 136.4484412913007, 25.200670444806747, 46.923787122475915, 36.64745954264072, 71.18184993079922, 28.513807127621476, 65.46441571927244, 102.38981518973742, 45.032616214140944, 80.21270906963036, 34.73310423133444, 20.748918197228704, 71.00118638402819, 41.190977343221675, 66.98777162789156, 1934.5008102936408, 44.71176661578647, 24.499309414914023, 1350.1443718324826, 89.47352688157116, 85.21233200924144, 45.02897200826919, 34.0293755286184, 48.80242187618387], "Transfers and Swaps Nearest Neighbor": [696.374945151565, 1147.500059182721, 420.24507829154936, 2487.337136961469, 455.89177057243796, 200.44033826935265, 231.66618680859392, 936.1638992667868, 865.5079491032484, 425.59906424296423, 658.8999832954851, 614.9764912078517, 1272.3318468565449, 781.4310213771478, 991.7589561691002, 920.1425499731195, 6175.873776839377, 3144.557757835777, 1290.6889475176977, 3209.8411709589855, 3797.075995327985, 1250.2124844587634, 485.9173211795005, 525.4729544666079, 1103.8043061467106]}