{"Greedy Assignment": [213.25469168333348, 247.00066832777782, 128.06062910277782, 438.8537755888886, 355.9631675861109, 288.3742677138889, 489.7938781555553, 251.67148689444443, 123.45376199166671, 179.6064622916666, 215.34322350555544, 175.39655831944455, 208.65295315555556, 243.23237057777797, 275.38372031666654, 124.94864020833339, 141.2170514222222, 153.97090721111107, 211.52691309722206, 268.5487648694442, 135.43534346944452, 181.7566000944444, 271.17732808055564, 243.17353888055572, 223.57414373888892], "Nearest Neighbor Assignment": [304.8252849777778, 355.93229736111107, 138.43079911944443, 850.5726427194443, 436.87121934722217, 447.87536359999984, 804.7741101416664, 442.0188199194444, 273.0391591305556, 211.3492473361111, 750.8019083999998, 525.7756203083331, 527.4898758666667, 470.8590290972222, 593.0548087694444, 182.32145839722222, 233.96415826388892, 204.97516548888888, 288.8833518611111, 345.0847481055555, 291.66702982777787, 209.50215655555553, 985.0665719333335, 689.4354031055556, 523.6939322083334], "Greedy + Random (25%) Assignment": [230.59343604166673, 396.1582298805556, 284.1123736666667, 622.2508012194443, 575.2505641472222, 427.5548411611111, 532.4703757249999, 325.18059589722225, 240.61036224444453, 286.40632008888895, 396.70637715555546, 283.27237996388897, 311.42037079166664, 328.0230594666666, 479.2197518833333, 207.3589370722222, 291.74203644166664, 201.17805590277774, 300.4748509583333, 259.87101373055555, 322.1671114083333, 314.9151025583334, 494.5360194416668, 491.26200577500026, 341.4624446277778], "Greedy + Random (50%) Assignment": [359.38708338611116, 448.5943552888889, 406.7147848916668, 805.4838045749997, 678.0327555694444, 555.3972779722224, 723.8418889166664, 331.67926331388895, 403.36539924166664, 465.8616540222224, 424.9237204333332, 393.9312586666665, 443.0704787805555, 416.6228731777776, 421.43150658888896, 442.99744513055543, 364.63792202499985, 359.1377844861111, 453.29404443055546, 442.6315567999999, 417.65702512222214, 393.19945476111116, 361.8042663166667, 513.9551400472221, 471.6136908972222], "Greedy + Random (75%) Assignment": [455.8709666916665, 513.8194101083333, 336.8508992333334, 859.9909005777774, 594.9152065805554, 409.36207406666676, 684.5861425444444, 475.59934982777776, 444.12831405277774, 427.947492238889, 494.005979663889, 404.2874831333334, 416.16230537222225, 509.8537488249999, 575.4664731500001, 442.50753918888876, 383.53275569722217, 390.99663200833334, 517.3275923333333, 519.3520201166665, 395.7464084722223, 397.3674858527778, 462.58155745, 669.6320479222222, 356.252295813889], "Transfers and Swaps Greedy": [3.496650313888921, 7.357683977777754, 10.677193833333348, 11.883173505555362, 38.28733337222215, 36.94508935833338, 49.48011746666651, 44.237382461111196, 17.03375844444443, 12.481843886111136, 7.039807961111052, 2.8754373277777745, 38.02845796111103, 5.6400635861111255, 15.973056447222206, 3.5447232000000355, 3.205881813888908, 3.0289118166666356, 8.033004613888835, 13.77402688611113, 3.8435324888889397, 3.692669622222297, 9.80412037777782, 6.336396983333316, 7.79858937777783], "Transfers and Swaps Nearest Neighbor": [5.497799522222195, 20.740039330555533, 3.164012475000021, 73.94980017777766, 84.20231308333328, 83.10730857777779, 104.4513175833332, 83.0448262916667, 17.70503351388885, 26.15913446666667, 34.68482638055548, 7.880738924999946, 64.67880574444438, 33.20429648055563, 11.53472472499999, 2.541656177777753, 17.18714823333339, 5.785551894444481, 9.44944157499998, 35.03632186666664, 25.055128294444444, 16.304512513888852, 46.14819039722224, 18.319256447222216, 9.619598688888885]}