{"Greedy Assignment": [1886.3018540924895, 1405.8000570983568, 5.373673047048214, 1375.4084091163968, 4789.840138938962], "Nearest Neighbor Assignment": [7128.815280908282, 83300.83475665626, 28551.227306420995, 28062.43537605698, 9151.579905090599], "Greedy + Random (25%) Assignment": [20228.939854268778, 38799.14986998601, 24285.062340929515, 17584.0234835105, 13731.01270833084], "Greedy + Random (50%) Assignment": [20228.939854268778, 38799.14986998601, 24285.062340929515, 17584.0234835105, 13731.01270833084], "Greedy + Random (75%) Assignment": [20228.939854268778, 38799.14986998601, 24285.062340929515, 17584.0234835105, 13731.01270833084], "Transfers and Swaps Greedy": [54.88421272578853, 9.806141450237192, 14.272809347021393, 400.9181236714503, 1.423516293434659], "Transfers and Swaps Nearest Neighbor": [333.50013846476213, 35.20301277238468, 222.99711986730836, 667.4915379168815, 49.66030185868294]}