{"Greedy Assignment": [2645.2803202418127, 1288.9038192936732, 3175.4258764924016, 2646.0617734703574, 1608.0720112701529], "Nearest Neighbor Assignment": [34338.48713011014, 20362.091044510416, 26847.507594244853, 24224.01215415195, 373.43139478448757], "Greedy + Random (25%) Assignment": [19113.505705174844, 6399.937291013199, 14458.82699854964, 10581.888260083775, 1066.5463965301042], "Greedy + Random (50%) Assignment": [19113.505705174844, 6399.937291013199, 14458.82699854964, 10581.888260083775, 1066.5463965301042], "Greedy + Random (75%) Assignment": [19113.505705174844, 6399.937291013199, 14458.82699854964, 10581.888260083775, 3242.5895192140897], "Transfers and Swaps Greedy": [29.498855033027212, 87.1160030906558, 126.20803836801497, 15.385272643556164, 24.310423236299357], "Transfers and Swaps Nearest Neighbor": [20.627321755986486, 71.97535559889548, 94.88718521164265, 327.08410115756124, 134.81419192247267]}