{"Greedy Assignment": [4885.739925816667, 6057.861830527778, 4397.1815883555555, 9687.21608566111, 6244.829641213888, 5972.5402854722215, 9675.031525163886, 4947.028111194443, 5188.876411505556, 5040.400771308334, 5829.202219550001, 5298.201560638889, 5288.72567978611, 6291.855520705555, 6745.6534295055535, 4263.2228474250005, 5235.095956380555, 4967.673880819445, 5942.521136127779, 5128.459446302778, 5355.408242358334, 5089.027510805556, 5938.962970022223, 7154.443925688888, 5742.740304441666], "Nearest Neighbor Assignment": [2606.3368155000003, 3354.184209025001, 2182.790320427778, 7217.852850833334, 3803.6428674805557, 3367.0903126444446, 6102.735999955555, 2638.4637859777777, 2881.700020911111, 2437.066497997222, 3350.9242078777775, 3211.4889125805553, 2875.499687147222, 3922.2321782583335, 3880.848908966667, 2025.447413622222, 2441.778239155555, 2546.256601086111, 2869.2051467805554, 2839.736991891667, 2731.2578895750003, 2906.975969477778, 4007.533924211111, 4339.9670384305555, 3146.9889390750004], "Greedy + Random (25%) Assignment": [5031.4903889861125, 5768.368914875, 4867.550649844445, 9399.132869377778, 6957.536860825, 5736.272435819444, 8433.123002413888, 5365.115656561112, 5271.544898966667, 5274.9644470388885, 6126.847267300001, 5719.9041054027775, 5235.692927516666, 6167.457263027778, 6238.512149569443, 4555.650567369444, 5085.345693411111, 4833.120930366667, 6477.566440833332, 5816.986149227778, 5562.277338061112, 5292.38909158889, 5895.992205794446, 7028.394073497222, 5701.766103541667], "Greedy + Random (50%) Assignment": [5744.370858619445, 6669.107585497222, 5895.646072641667, 10391.6412895, 8140.664033619444, 6946.557399169445, 9998.226454019441, 5592.366136291667, 5976.519917400001, 5499.119890936112, 6832.492569988888, 6185.390356844444, 6046.635630513889, 6984.1661392, 7770.390568827776, 5066.61184041111, 5833.754855363889, 6085.225265336112, 7139.321027616667, 6003.127674558334, 6307.764076402777, 5829.9420278333355, 6465.575471241667, 8029.373598113888, 6138.643328402779], "Greedy + Random (75%) Assignment": [6050.839235449999, 6401.791608566666, 5724.935371416667, 10617.27966172222, 7770.39768878889, 6738.761195713888, 10401.18021805833, 5764.4424507916665, 6000.864530341667, 5529.655762280557, 6701.096267944445, 6292.363881172222, 5664.605523980556, 7103.993669025001, 7993.651843369443, 5514.385164822223, 5918.047654783333, 5793.696442563889, 7059.057471661113, 5995.445659761109, 6050.5349203388905, 5862.555091613887, 6967.335115988891, 8278.415593238888, 6015.742380822222], "Transfers and Swaps Greedy": [2965.9340958805556, 3921.580374969444, 2586.7807789166663, 7498.397028419443, 4082.685050955556, 3589.723180036111, 6795.4562747111095, 2912.9501799222226, 3064.9378501694446, 2842.345146552778, 3575.0791384583335, 3158.6572417555544, 2958.725365591667, 3983.9795337583337, 4338.83731608611, 2218.7168846500003, 2691.856640641667, 2643.5450321999997, 3443.3774410277774, 3012.3494508833337, 2856.52045725, 3308.0214251527773, 3708.6622280388897, 4818.65947961389, 3097.810999575], "Transfers and Swaps Nearest Neighbor": [2358.5710027749997, 3139.1578450333327, 2033.4677136750001, 6505.531720069444, 3249.8539162666666, 2792.465655919444, 5835.286660897222, 2158.6170518805557, 2561.589862683333, 2287.790384280556, 3075.228834763889, 2680.7356132527775, 2515.125602588889, 3496.216076847222, 3778.463245475, 1790.6316913805558, 2104.569006816667, 2163.941059272222, 2403.6766186916666, 2600.7467975527784, 2223.942940272222, 2757.6001951111116, 3009.153116441667, 4089.1197825277777, 2532.3165995083336]}