{"Greedy Assignment": [86578.01277527661, 81975.90608377049, 80351.37312819168, 82818.60182267502, 60948.79654665277], "Nearest Neighbor Assignment": [137447.10674583958, 205306.89068869752, 158315.82980739514, 136639.20417389867, 87873.33905714197], "Greedy + Random (25%) Assignment": [95889.97337568228, 97394.22533502961, 91223.96897163737, 89703.90320468141, 63818.51065937922], "Greedy + Random (50%) Assignment": [95889.97337568228, 97394.22533502961, 91223.96897163737, 89703.90320468141, 63818.51065937922], "Greedy + Random (75%) Assignment": [95889.97337568228, 97394.22533502961, 91223.96897163737, 89703.90320468141, 63818.51065937922], "Transfers and Swaps Greedy": [86235.80229873548, 81434.96963747966, 82441.74312810304, 83961.53446601646, 58665.619101938544], "Transfers and Swaps Nearest Neighbor": [106775.32279089952, 183535.92439987906, 124513.38791015651, 113276.44992086611, 73437.05742493353]}