{"Greedy Assignment": [32836.28791628332, 19843.51722810429, 19600.836406548635, 23763.6743165507, 13323.721219358891], "Nearest Neighbor Assignment": [72981.69251466141, 35648.76630351316, 44113.81457847838, 52086.32989919906, 16981.47604560558], "Greedy + Random (25%) Assignment": [43003.89399807658, 22587.00190231525, 25443.142683694776, 26424.739961101935, 15423.506984896974], "Greedy + Random (50%) Assignment": [43003.89399807658, 22587.00190231525, 25443.142683694776, 26424.739961101935, 15423.506984896974], "Greedy + Random (75%) Assignment": [43003.89399807658, 22587.00190231525, 25443.142683694776, 26424.739961101935, 15741.94232064419], "Transfers and Swaps Greedy": [32867.74515422266, 19791.48748493378, 20975.80331740095, 24138.402998826306, 13189.6468594229], "Transfers and Swaps Nearest Neighbor": [69703.31693897388, 29290.31980964447, 34049.91257442772, 42998.32095768098, 15938.703531378575]}