{"Greedy Assignment": [13.806084069234567, 14.232394722027042, 14.95992167429269, 14.922409482298596, 15.134594810998042, 15.987034690282277, 15.230724981601847, 14.936524467453259, 12.995084837054723, 15.641108513797727, 14.702879904347194, 14.238307213832195, 14.231667171155902, 13.85268777741245, 13.074802595172397, 15.167517142998573, 13.67812944761279, 13.865411974090577, 15.811189167540288, 16.113221683871167, 14.272534534261386, 14.664537717400384, 13.691351240526512, 15.577776020661972, 14.116551059721655], "Nearest Neighbor Assignment": [26.996995545975246, 25.771363203028095, 25.87508624939854, 28.647518944309297, 25.44011796677703, 28.372512499096644, 25.852270530954314, 25.12768005653927, 24.68626937921771, 27.275866254415536, 28.134447692795543, 24.36425923809315, 28.574475594413997, 27.187811278426125, 26.06361326236118, 28.602134904124433, 25.525131791501302, 28.154340073001276, 28.15890396897563, 27.291183665807175, 29.074647253182142, 26.840215058413257, 24.11801709113213, 26.13927831683241, 26.37886232714201], "Greedy + Random (25%) Assignment": [17.009684433771522, 17.570701707672576, 18.016878438147344, 18.121886141664557, 17.67731433008533, 19.43272235257232, 18.600998036081542, 18.039784596939118, 16.26766299864844, 17.79965842712608, 17.87915968616016, 16.775167752995074, 17.549665073297604, 16.860614708813294, 16.18358042659074, 18.960586619277443, 16.39525829973106, 16.892060261082342, 18.893421459095645, 18.359480882890466, 17.839349785229466, 17.76458936535654, 16.442968632919932, 18.160832645559328, 16.985818453505324], "Greedy + Random (50%) Assignment": [17.00968443377152, 17.570701707672576, 18.016878438147348, 18.121886141664554, 17.67731433008533, 19.432722352572316, 18.600998036081542, 18.039784596939118, 16.26766299864844, 17.79965842712608, 17.879159686160172, 16.775167752995074, 17.549665073297607, 16.860614708813294, 16.18358042659074, 18.960586619277443, 16.39525829973106, 16.892060261082342, 18.893421459095645, 18.35948088289047, 17.839349785229462, 17.764589365356535, 16.442968632919932, 18.160832645559328, 16.985818453505324], "Greedy + Random (75%) Assignment": [17.00968443377152, 17.570701707672576, 18.016878438147348, 18.121886141664557, 17.677314330085327, 19.432722352572316, 18.600998036081542, 18.039784596939114, 16.26766299864844, 17.799658427126076, 17.879159686160165, 16.775167752995078, 17.5496650732976, 16.860614708813294, 16.18358042659074, 18.960586619277443, 16.39525829973106, 16.892060261082342, 18.893421459095645, 18.35948088289047, 17.839349785229466, 17.764589365356535, 16.44296863291993, 18.160832645559324, 16.985818453505328], "Transfers and Swaps Greedy": [14.290698388725932, 14.341294434751912, 15.13208547371504, 15.020255109777278, 15.034962219731094, 15.985894917553242, 14.945786941680732, 14.622888027780736, 13.005276862143983, 15.56895407256622, 15.074718033583789, 14.056913516624963, 14.234628629499085, 14.011280169059972, 13.273678911793677, 15.09335479231255, 14.056067217362159, 14.052693533277909, 15.659645698540965, 16.46167986931169, 14.476541180723206, 15.04976149571903, 13.652270310013483, 15.42178327831589, 14.192684467517267], "Transfers and Swaps Nearest Neighbor": [18.16799388263877, 17.274454161846542, 20.11111012739466, 19.848537116557427, 20.704303991216626, 21.83884143806166, 17.875520042905606, 18.713735812222232, 17.20312917740645, 19.406174156023347, 19.71139912187631, 16.364982726238395, 19.995199759217325, 18.625442401670348, 17.13989737962992, 19.690422639830707, 17.33880184998427, 19.064463673604124, 19.27343474696889, 20.788397511799122, 19.866672694062434, 18.473819588539584, 17.151399072346674, 19.31570998011033, 17.196616933644627]}