{"Greedy Assignment": [0.2828726482345948, 0.3399934652472499, 0.27601669347319185, 0.43923751797421373, 0.3512443810673488, 0.37348587921658544, 0.4812547366770013, 0.30870666243172346, 0.3007986367283921, 0.30249652884830797, 0.33284138395169655, 0.31229037415491184, 0.33132678123262915, 0.3970650006900139, 0.4457160235102653, 0.30178303741467083, 0.30605728702198987, 0.31554517050954134, 0.32996023839783134, 0.27126940579017317, 0.36831290604833267, 0.27497837278985104, 0.31806363249579533, 0.3615842612698967, 0.3463133266290258], "Nearest Neighbor Assignment": [0.14654853547332397, 0.1783697902311018, 0.13162830577659196, 0.31400220330003015, 0.20508770909888713, 0.1863349534433542, 0.2813035060461799, 0.14411474718373826, 0.1624995473966629, 0.14274395379936522, 0.17535320110634725, 0.1782978984798385, 0.15440730611744713, 0.23292039737238474, 0.24421985242456726, 0.13868208880876737, 0.136446945669221, 0.16204993982050586, 0.15614104946160606, 0.14202905351862335, 0.18038141459422713, 0.1529614532875754, 0.19956449988435093, 0.2079174498788119, 0.1762379432942781], "Greedy + Random (25%) Assignment": [0.30022105285376827, 0.34638139408133256, 0.3201931825466408, 0.43218066005384026, 0.39190977979740144, 0.3809511497810901, 0.4168593534040393, 0.34399636336211264, 0.3143617551036894, 0.345280598160579, 0.36719170473078366, 0.364335434106402, 0.34239992520794, 0.39440899566515075, 0.41283445157188003, 0.33839290869972094, 0.32250218191164876, 0.31486229893931517, 0.3764218411813229, 0.3546467861058571, 0.385927422106812, 0.3144812941098428, 0.3411631182606242, 0.3690950182164782, 0.3582912459932501], "Greedy + Random (50%) Assignment": [0.36737325025206824, 0.4212536695816941, 0.4186872821650793, 0.49482305736308013, 0.4854832299503258, 0.47793598486060124, 0.5349371325563571, 0.3742253472672349, 0.37075339532079626, 0.35818140000403265, 0.41123573025777044, 0.3985290750714471, 0.40370939345927653, 0.4672532415250471, 0.5380813105596303, 0.3836346095559731, 0.36324515875703656, 0.42049325032049223, 0.43463626777047504, 0.36021582675266484, 0.45284804656989036, 0.3663030476672404, 0.3743863404465821, 0.43691945557407863, 0.3939871693690227], "Greedy + Random (75%) Assignment": [0.3725865673165646, 0.40436849423280313, 0.38333360245299697, 0.5067362857045438, 0.4444437599870046, 0.4395636521133719, 0.5397915581753999, 0.3868862769133644, 0.38583296909496423, 0.3657217844170375, 0.40780630452740335, 0.3890606276162474, 0.37749009733795597, 0.47613915577931315, 0.5535850355877594, 0.444705927783814, 0.3915524219784642, 0.40314244346804606, 0.43287448314699484, 0.3584224619234179, 0.4340466903753402, 0.36186928298483967, 0.4266585733633059, 0.4522265136673487, 0.3914726523871313], "Transfers and Swaps Greedy": [0.17300019388387067, 0.22197559387784443, 0.1687475420553874, 0.3402192585882178, 0.22858673354107042, 0.2235226998855632, 0.3333196367982686, 0.18079406613097035, 0.185215939641388, 0.1773301179339521, 0.20386033288502556, 0.18618527421544068, 0.1820059599096274, 0.24552112987504354, 0.28394215128058503, 0.16065212689143243, 0.1612280747580823, 0.17009856775962606, 0.1951873708460064, 0.16049451673693751, 0.19542414564193275, 0.1787425170004572, 0.19962235857457217, 0.2450974390872822, 0.18460771724343086], "Transfers and Swaps Nearest Neighbor": [0.1378157853455571, 0.17674502137118653, 0.13168411621155654, 0.290765360642283, 0.18057288167627888, 0.170535132007415, 0.2826455861729643, 0.1312993233027116, 0.14900764149312273, 0.1437146216778547, 0.17325664936660168, 0.15781678848216246, 0.14792137922397572, 0.21360424661344135, 0.2501147031586039, 0.12868832924764226, 0.12593782788748267, 0.14324762441352457, 0.1377484700241027, 0.13804658707010445, 0.1537783359640599, 0.14870505613971735, 0.15659335501955524, 0.2052161742535347, 0.1512062781698138]}