{"Greedy Assignment": [15.628175490047278, 13.649897428488158, 11.44087159233204, 13.075051851264856, 14.153224850452197], "Nearest Neighbor Assignment": [33.58704688033952, 23.12146794408364, 22.802385794697404, 26.33057089358804, 18.18047866640015], "Greedy + Random (25%) Assignment": [22.7109126135785, 16.217873292419274, 16.71260701786326, 15.31357783193188, 16.444380151027055], "Greedy + Random (50%) Assignment": [22.7109126135785, 16.217873292419274, 16.71260701786326, 15.31357783193188, 16.444380151027055], "Greedy + Random (75%) Assignment": [22.7109126135785, 16.217873292419274, 16.71260701786326, 15.31357783193188, 17.100264137726008], "Transfers and Swaps Greedy": [15.816265404376338, 13.621952878639735, 12.935655159848887, 13.500152327989424, 14.195474070096793], "Transfers and Swaps Nearest Neighbor": [33.07099992099715, 20.727464837631857, 21.16300477372359, 25.119837246743096, 17.32526594025615]}