{"Greedy Assignment": [2743.846958680241, 3487.125741385673, 2201.4891888524517, 3257.2654108013044, 2856.7423397010148], "Nearest Neighbor Assignment": [4342.364222899574, 5823.832980844137, 3529.6616946396616, 4985.490466797828, 4939.050622711506], "Greedy + Random (25%) Assignment": [3064.812108779727, 3903.493376553396, 2417.0358580407587, 3642.853799418184, 3190.1852006115278], "Greedy + Random (50%) Assignment": [3064.8121087797276, 3903.493376553396, 2417.0358580407583, 3642.853799418184, 3190.1852006115278], "Greedy + Random (75%) Assignment": [3064.8121087797276, 3903.493376553396, 2417.0358580407587, 3642.853799418184, 3190.1852006115273], "Transfers and Swaps Greedy": [2880.587520402524, 3604.9531911789054, 2285.4945341629036, 3384.106954361824, 2940.3991991249927], "Transfers and Swaps Nearest Neighbor": [3066.098049511437, 3996.2497944586235, 2539.8863113869943, 3844.943283217869, 3354.467196271814]}