{"Greedy Assignment": [4323.812591220125, 10661.454001330236, 3659.0319882381846, 5510.75972241903, 5578.377106852436], "Nearest Neighbor Assignment": [9985.49703362443, 26650.811854444928, 8944.887107356913, 13083.0106304213, 14697.338720907843], "Greedy + Random (25%) Assignment": [5106.162950069581, 11824.104630175581, 4396.366133917138, 7146.134075525566, 6489.77971507125], "Greedy + Random (50%) Assignment": [5106.162950069581, 11824.104630175581, 4396.366133917138, 7146.134075525566, 6489.77971507125], "Greedy + Random (75%) Assignment": [5106.162950069581, 11824.104630175581, 4396.366133917138, 7146.134075525566, 6489.77971507125], "Transfers and Swaps Greedy": [3022.387785210607, 9972.46167042142, 2545.427699889694, 3549.044390918119, 4454.051951615592], "Transfers and Swaps Nearest Neighbor": [3625.1539877430077, 9972.46167042142, 2768.617939298422, 4860.382875683775, 4454.051951615592]}