{"Greedy Assignment": [1982.4618532763527, 2300.2480239182905, 1616.3577662330815, 2051.910561765374, 1891.0754483035107], "Nearest Neighbor Assignment": [1135.8708235829235, 1089.7275181295959, 1109.7288793902749, 1284.3518057523906, 827.4520907086568], "Greedy + Random (25%) Assignment": [1434.9586130453695, 1812.433202540341, 896.6457674448234, 1133.4240763641121, 962.467368744034], "Greedy + Random (50%) Assignment": [1434.9586130453695, 1812.433202540341, 896.6457674448234, 1133.4240763641121, 962.467368744034], "Greedy + Random (75%) Assignment": [1434.9586130453695, 1812.433202540341, 896.6457674448234, 1133.4240763641121, 962.467368744034], "Transfers and Swaps Greedy": [2774.0637122992425, 2817.2182751875334, 2199.4272720154513, 3287.372582401898, 2702.6711226589946], "Transfers and Swaps Nearest Neighbor": [2925.436439972578, 3022.241650542183, 2189.2692367839136, 3519.071530619707, 2960.682057978728]}