{"Greedy Assignment": [2341.3507379437724, 8361.205977411944, 2042.674222005103, 3458.8491606536563, 3687.301658548925], "Nearest Neighbor Assignment": [8849.626210041506, 25561.084336315333, 7835.158227966638, 11798.65882466891, 13869.886630199186], "Greedy + Random (25%) Assignment": [3671.2043370242113, 10011.67142763524, 3499.7203664723143, 6012.709999161454, 5527.312346327217], "Greedy + Random (50%) Assignment": [3671.2043370242113, 10011.67142763524, 3499.7203664723143, 6012.709999161454, 5527.312346327217], "Greedy + Random (75%) Assignment": [3671.2043370242113, 10011.67142763524, 3499.7203664723143, 6012.709999161454, 5527.312346327217], "Transfers and Swaps Greedy": [248.3240729113645, 7155.243395233887, 346.00042787424263, 261.67180851622106, 1751.3808289565973], "Transfers and Swaps Nearest Neighbor": [699.71754777043, 6950.220019879238, 579.3487025145082, 1341.3113450640676, 1493.3698936368637]}