{"Greedy Assignment": [27438.46958680241, 34871.25741385673, 22014.891888524515, 32572.654108013045, 28567.42339701015], "Nearest Neighbor Assignment": [43423.64222899574, 58238.32980844137, 35296.616946396614, 49854.904667978284, 49390.50622711506], "Greedy + Random (25%) Assignment": [30648.121087797274, 39034.93376553396, 24170.35858040759, 36428.53799418184, 31901.852006115278], "Greedy + Random (50%) Assignment": [30648.121087797277, 39034.93376553396, 24170.358580407585, 36428.53799418184, 31901.852006115278], "Greedy + Random (75%) Assignment": [30648.121087797277, 39034.93376553396, 24170.35858040759, 36428.53799418184, 31901.852006115274], "Transfers and Swaps Greedy": [28805.87520402524, 36049.531911789054, 22854.945341629034, 33841.06954361824, 29403.991991249928], "Transfers and Swaps Nearest Neighbor": [30660.980495114367, 39962.497944586234, 25398.863113869942, 38449.43283217869, 33544.67196271814]}