{"Greedy Assignment": [7.876411822491683, 7.971456495997255, 8.959551541606988, 7.740405523370249, 8.226823447258175], "Nearest Neighbor Assignment": [11.378764767299, 11.533803212058217, 13.312843804740577, 10.586019780277198, 13.206743192243954], "Greedy + Random (25%) Assignment": [9.202007982266023, 8.963416039275376, 9.958269290804967, 8.620160786770978, 9.586489467090257], "Greedy + Random (50%) Assignment": [9.202007982266025, 8.96341603927538, 9.958269290804967, 8.620160786770978, 9.586489467090257], "Greedy + Random (75%) Assignment": [9.202007982266025, 8.96341603927538, 9.958269290804967, 8.620160786770978, 9.586489467090257], "Transfers and Swaps Greedy": [8.392752215547075, 8.385385625983037, 9.420930638783428, 8.055377890843697, 8.652953048303644], "Transfers and Swaps Nearest Neighbor": [9.129019406838175, 9.633935739959146, 10.62095069268602, 9.390640297043461, 10.340762233323037]}